transaction_amount,transaction_age,customer_account_age,previous_disputes,previous_successful_transactions,previous_refunds,delivery_confirmed,customer_acknowledged,refund_processed,communication_available,evidence_count,merchant_dispute_rate,transaction_frequency,amount_deviation,dispute_reason,payment_method,outcome
168.25,16,123,0,4,1,1,1,0,1,6,0.0227,0.7,-0.25,GOODS_NOT_RECEIVED,CREDIT_CARD,1
101.74,31,1043,1,67,0,1,0,0,1,4,0.0395,2.58,-0.1,UNAUTHORIZED_TRANSACTION,CREDIT_CARD,0
16.16,21,1110,0,78,4,0,0,0,1,4,0.0162,0.78,-0.21,UNAUTHORIZED_TRANSACTION,DEBIT_CARD,0
81.93,23,1064,0,49,1,1,0,0,0,6,0.0239,2.71,0.08,UNAUTHORIZED_TRANSACTION,DEBIT_CARD,1
24.27,14,712,0,26,0,1,1,1,1,7,0.0071,1.47,0.35,DUPLICATE_TRANSACTION,DEBIT_CARD,1
38.95,30,914,0,65,0,1,0,1,1,6,0.0065,0.75,-0.04,GOODS_NOT_RECEIVED,CREDIT_CARD,1
91.66,12,107,1,1,0,1,0,0,1,6,0.0182,0.97,-1.5,GOODS_NOT_RECEIVED,DEBIT_CARD,0
283.33,43,538,0,52,1,1,0,0,1,5,0.0056,0.52,-1.3,DUPLICATE_TRANSACTION,CREDIT_CARD,1
206.46,6,656,0,56,0,1,1,0,1,6,0.0229,0.71,1.36,GOODS_NOT_AS_DESCRIBED,DIGITAL_WALLET,1
120.25,16,532,0,24,0,1,1,0,0,6,0.0249,5.74,1.41,GOODS_NOT_AS_DESCRIBED,DIGITAL_WALLET,1
50.51,43,516,1,45,2,1,1,0,1,6,0.0071,1.69,-0.44,GOODS_NOT_RECEIVED,BANK_TRANSFER,1
6.4,44,1092,0,19,0,1,1,0,1,6,0.0145,4.73,0.5,UNAUTHORIZED_TRANSACTION,CREDIT_CARD,0
28.76,35,816,0,48,0,1,1,0,1,5,0.0056,2.36,-0.19,GOODS_NOT_AS_DESCRIBED,DEBIT_CARD,1
19.98,33,565,0,36,0,1,1,0,1,5,0.0229,0.7,-0.18,UNAUTHORIZED_TRANSACTION,DEBIT_CARD,0
159.13,12,845,0,20,1,1,0,0,1,5,0.0056,0.54,1.1,GOODS_NOT_AS_DESCRIBED,CREDIT_CARD,0
6.79,19,221,1,16,0,1,1,0,0,6,0.006,2.74,-1.49,UNAUTHORIZED_TRANSACTION,CREDIT_CARD,1
100.48,30,303,0,16,0,1,1,0,1,6,0.0249,1.81,0.08,REFUND_NOT_RECEIVED,CREDIT_CARD,0
41.11,40,618,0,31,0,1,1,0,1,6,0.0227,1.01,1.48,UNAUTHORIZED_TRANSACTION,DEBIT_CARD,1
110.5,8,943,1,16,0,1,0,0,0,6,0.0081,2.61,1.7,GOODS_NOT_RECEIVED,DEBIT_CARD,1
14.58,37,714,0,22,0,0,0,0,0,5,0.0145,0.54,-0.22,GOODS_NOT_RECEIVED,CREDIT_CARD,1
101.79,16,352,0,17,0,1,1,1,0,7,0.0249,4.01,-0.46,REFUND_NOT_RECEIVED,DIGITAL_WALLET,0
27.08,15,881,0,84,1,1,0,0,1,5,0.0229,0.74,-1.51,UNAUTHORIZED_TRANSACTION,CREDIT_CARD,1
63.18,34,984,0,91,0,1,1,0,0,6,0.0178,2.04,-1.23,GOODS_NOT_RECEIVED,CREDIT_CARD,1
48.44,30,490,0,8,1,1,1,1,1,7,0.0395,0.68,-0.65,GOODS_NOT_RECEIVED,CREDIT_CARD,1
37.31,34,158,0,9,0,1,1,0,1,6,0.0186,1.26,0.2,GOODS_NOT_RECEIVED,CREDIT_CARD,1
69.58,40,65,0,6,2,1,0,0,1,6,0.0145,5.86,1.2,GOODS_NOT_RECEIVED,CREDIT_CARD,1
54.51,37,1097,0,23,0,1,0,0,0,6,0.0145,4.36,-0.77,REFUND_NOT_RECEIVED,CREDIT_CARD,1
138.72,35,1116,1,48,2,1,1,0,0,6,0.0059,4.87,1.18,GOODS_NOT_RECEIVED,DEBIT_CARD,0
8.6,6,76,4,6,6,1,1,0,0,6,0.0277,0.93,-0.03,GOODS_NOT_RECEIVED,CREDIT_CARD,1
196.14,19,1035,3,101,1,1,1,1,1,6,0.0158,1.53,-0.8,UNAUTHORIZED_TRANSACTION,DEBIT_CARD,1
333.43,6,1004,0,45,0,1,1,0,1,6,0.0165,0.68,0.34,UNAUTHORIZED_TRANSACTION,DEBIT_CARD,1
40.94,16,768,0,27,1,0,0,0,1,4,0.0153,0.69,1.09,REFUND_NOT_RECEIVED,CREDIT_CARD,0
81.34,22,1198,1,79,0,1,1,0,1,6,0.0081,2.13,0.22,GOODS_NOT_AS_DESCRIBED,CREDIT_CARD,1
54.24,12,377,0,18,0,1,1,0,0,6,0.0162,8.35,1.58,GOODS_NOT_RECEIVED,BANK_TRANSFER,0
49.35,7,1094,0,73,0,1,1,1,1,7,0.0081,1.26,0.11,REFUND_NOT_RECEIVED,DIGITAL_WALLET,0
40.79,39,1010,0,17,0,0,0,0,1,4,0.0227,1.02,0.44,GOODS_NOT_AS_DESCRIBED,CREDIT_CARD,1
31.9,37,836,0,52,1,1,1,0,1,6,0.0037,0.92,-0.59,GOODS_NOT_RECEIVED,CREDIT_CARD,0
302.09,35,830,0,37,0,1,1,0,1,6,0.0239,0.68,-0.31,GOODS_NOT_RECEIVED,DEBIT_CARD,1
115.76,8,638,2,14,4,1,1,0,1,6,0.0065,4.82,-0.14,REFUND_NOT_RECEIVED,CREDIT_CARD,0
49.45,27,723,0,39,0,1,1,0,1,6,0.0056,7.71,0.24,GOODS_NOT_RECEIVED,CREDIT_CARD,1
368.54,41,456,0,37,1,1,0,0,1,6,0.0165,1.12,0.81,GOODS_NOT_RECEIVED,CREDIT_CARD,1
107.26,39,740,0,22,1,1,1,0,1,6,0.0239,3.26,0.56,GOODS_NOT_RECEIVED,CREDIT_CARD,1
7.36,44,815,0,47,2,0,0,0,1,4,0.0182,2.76,-0.85,UNAUTHORIZED_TRANSACTION,CREDIT_CARD,0
88.76,42,556,0,52,0,0,0,0,1,5,0.0153,2.34,-0.3,UNAUTHORIZED_TRANSACTION,CREDIT_CARD,1
69.57,5,260,0,19,1,1,1,0,1,5,0.0059,1.88,-0.51,GOODS_NOT_RECEIVED,DIGITAL_WALLET,1
61.19,7,1091,0,35,0,1,1,1,0,7,0.0044,0.6,-0.34,GOODS_NOT_RECEIVED,DIGITAL_WALLET,1
99.31,14,181,0,5,0,1,1,0,1,6,0.0065,0.74,-0.56,GOODS_NOT_RECEIVED,DEBIT_CARD,1
213.22,34,607,0,26,0,0,0,0,1,5,0.0227,1.42,0.1,UNAUTHORIZED_TRANSACTION,CREDIT_CARD,1
116.34,32,1091,0,103,1,1,0,0,1,5,0.0168,1.67,1.0,GOODS_NOT_RECEIVED,CREDIT_CARD,1
40.43,20,1198,1,79,0,1,1,0,1,5,0.0229,2.19,0.11,GOODS_NOT_RECEIVED,DIGITAL_WALLET,1
82.72,8,838,0,67,1,1,1,0,1,6,0.0395,6.88,-0.44,GOODS_NOT_RECEIVED,CREDIT_CARD,1
116.38,8,538,0,52,1,1,0,0,1,6,0.006,1.66,0.0,UNAUTHORIZED_TRANSACTION,DIGITAL_WALLET,1
16.04,27,893,3,45,4,1,1,0,1,6,0.0168,4.14,1.01,GOODS_NOT_AS_DESCRIBED,DIGITAL_WALLET,0
85.81,44,24,0,2,1,0,0,0,0,5,0.0178,1.76,0.22,REFUND_NOT_RECEIVED,CREDIT_CARD,0
173.89,27,191,1,10,0,1,1,0,1,6,0.006,4.42,-1.31,GOODS_NOT_RECEIVED,CREDIT_CARD,1
19.71,19,221,1,16,0,1,0,1,1,6,0.0227,3.58,1.1,DUPLICATE_TRANSACTION,CREDIT_CARD,1
469.77,17,358,0,24,0,1,1,0,1,6,0.0182,1.47,0.68,GOODS_NOT_RECEIVED,CREDIT_CARD,0
118.89,5,458,0,39,0,0,0,0,1,5,0.0071,0.66,-0.08,GOODS_NOT_AS_DESCRIBED,CREDIT_CARD,0
39.25,41,950,6,16,3,1,1,0,1,6,0.0182,3.23,0.04,DUPLICATE_TRANSACTION,DIGITAL_WALLET,1
110.83,28,812,0,43,0,1,1,0,1,6,0.0297,3.26,-0.68,REFUND_NOT_RECEIVED,CREDIT_CARD,1
7.32,5,458,0,39,0,1,1,0,0,6,0.0153,1.29,0.98,GOODS_NOT_RECEIVED,DEBIT_CARD,1
29.16,17,933,0,84,2,1,1,0,1,6,0.0168,0.61,0.41,GOODS_NOT_RECEIVED,DEBIT_CARD,1
196.33,42,584,0,16,0,1,1,0,1,6,0.0186,3.52,-0.31,UNAUTHORIZED_TRANSACTION,DEBIT_CARD,0
121.36,21,1144,0,71,0,1,0,0,1,6,0.006,3.13,-0.36,UNAUTHORIZED_TRANSACTION,DEBIT_CARD,1
203.26,34,836,0,52,1,1,1,0,0,5,0.006,1.13,-0.09,GOODS_NOT_AS_DESCRIBED,CREDIT_CARD,1
17.34,24,15,0,1,0,1,1,0,1,6,0.0059,3.37,1.1,GOODS_NOT_AS_DESCRIBED,BANK_TRANSFER,1
64.57,9,523,0,42,1,1,1,0,0,6,0.0249,0.77,0.41,GOODS_NOT_RECEIVED,DIGITAL_WALLET,1
136.86,9,555,0,28,0,1,0,0,1,5,0.0147,3.61,0.14,UNAUTHORIZED_TRANSACTION,DIGITAL_WALLET,0
536.27,41,270,1,20,1,1,0,0,0,5,0.016,0.87,-0.12,GOODS_NOT_RECEIVED,DEBIT_CARD,1
51.79,20,470,0,29,0,1,1,0,1,6,0.0277,1.54,0.13,GOODS_NOT_AS_DESCRIBED,CREDIT_CARD,1
48.42,25,579,0,19,1,1,0,0,1,6,0.0147,0.97,0.84,REFUND_NOT_RECEIVED,CREDIT_CARD,0
86.72,38,762,0,66,2,1,1,0,0,5,0.0395,2.47,-0.64,GOODS_NOT_AS_DESCRIBED,CREDIT_CARD,1
31.8,10,1189,0,23,1,1,0,0,1,5,0.0165,2.36,-0.39,GOODS_NOT_AS_DESCRIBED,CREDIT_CARD,1
49.42,10,474,0,16,1,0,0,0,0,5,0.0182,1.96,-0.86,GOODS_NOT_RECEIVED,CREDIT_CARD,1
81.15,14,415,0,20,1,1,1,0,0,6,0.0081,5.16,0.48,GOODS_NOT_RECEIVED,CREDIT_CARD,1
31.28,35,421,2,22,2,1,1,0,0,6,0.0182,1.39,-0.68,GOODS_NOT_RECEIVED,DEBIT_CARD,0
57.93,10,402,0,24,0,1,1,0,1,6,0.0057,0.94,0.04,REFUND_NOT_RECEIVED,DEBIT_CARD,1
36.51,7,891,1,38,0,1,0,0,1,6,0.0297,1.24,-0.33,GOODS_NOT_RECEIVED,DIGITAL_WALLET,0
45.33,29,852,0,52,1,1,1,0,1,5,0.0065,1.49,0.2,GOODS_NOT_AS_DESCRIBED,DIGITAL_WALLET,1
29.41,24,1181,0,95,0,0,0,0,0,4,0.0057,1.24,0.45,GOODS_NOT_RECEIVED,CREDIT_CARD,0
116.05,39,763,0,43,0,1,0,1,1,6,0.0081,1.9,-1.9,UNAUTHORIZED_TRANSACTION,DEBIT_CARD,1
60.24,5,1141,0,58,1,0,0,0,1,5,0.0227,1.04,0.75,GOODS_NOT_AS_DESCRIBED,DEBIT_CARD,1
85.06,35,579,0,19,1,1,0,1,1,5,0.0259,7.0,0.87,UNAUTHORIZED_TRANSACTION,DEBIT_CARD,0
100.14,18,1199,1,84,4,1,0,0,1,6,0.0239,1.22,-0.9,GOODS_NOT_AS_DESCRIBED,DEBIT_CARD,1
31.61,7,1107,0,60,1,1,1,0,1,6,0.0249,0.95,0.59,GOODS_NOT_AS_DESCRIBED,CREDIT_CARD,1
147.22,20,820,0,30,0,1,1,0,1,6,0.0145,1.61,0.12,UNAUTHORIZED_TRANSACTION,CREDIT_CARD,1
98.46,18,131,0,9,0,1,1,0,1,5,0.0178,2.32,-0.85,DUPLICATE_TRANSACTION,CREDIT_CARD,1
53.89,7,1035,0,56,0,1,0,0,1,6,0.0229,4.58,1.16,GOODS_NOT_RECEIVED,DEBIT_CARD,1
62.38,10,97,1,3,0,1,1,0,1,6,0.0182,1.02,0.58,UNAUTHORIZED_TRANSACTION,CREDIT_CARD,1
34.67,13,1080,0,40,0,1,0,0,1,6,0.0158,0.75,-0.03,UNAUTHORIZED_TRANSACTION,CREDIT_CARD,1
24.7,37,22,0,1,0,1,0,0,1,6,0.0178,0.58,0.82,GOODS_NOT_RECEIVED,BANK_TRANSFER,1
17.07,16,1027,0,99,1,1,1,0,1,6,0.0044,1.0,0.75,UNAUTHORIZED_TRANSACTION,CREDIT_CARD,1
403.89,6,690,0,46,0,0,0,0,1,4,0.0182,0.93,-0.1,GOODS_NOT_RECEIVED,CREDIT_CARD,0
58.27,7,95,0,7,1,1,1,0,1,6,0.0071,1.05,0.07,GOODS_NOT_RECEIVED,CREDIT_CARD,1
53.68,17,960,0,85,0,1,1,0,1,6,0.0178,2.55,-0.16,UNAUTHORIZED_TRANSACTION,CREDIT_CARD,0
26.19,35,110,0,7,0,1,0,1,1,7,0.006,2.6,0.08,GOODS_NOT_RECEIVED,DIGITAL_WALLET,1
67.88,13,891,1,38,0,1,1,0,1,6,0.0059,1.48,-0.11,DUPLICATE_TRANSACTION,CREDIT_CARD,1
75.02,44,360,1,18,0,1,1,0,1,5,0.0182,1.32,0.03,UNAUTHORIZED_TRANSACTION,CREDIT_CARD,1
134.6,12,732,0,50,1,1,1,0,0,6,0.0182,1.56,-0.44,UNAUTHORIZED_TRANSACTION,BANK_TRANSFER,0
41.29,26,1107,0,60,1,0,0,0,1,5,0.0153,1.8,0.17,REFUND_NOT_RECEIVED,CREDIT_CARD,0
24.42,30,372,0,20,0,0,0,0,1,5,0.0249,2.41,-0.23,GOODS_NOT_RECEIVED,CREDIT_CARD,1
233.61,20,525,0,15,0,1,1,0,1,6,0.0145,5.29,0.3,GOODS_NOT_RECEIVED,DEBIT_CARD,1
179.41,36,943,3,39,4,1,1,0,1,6,0.0178,3.09,0.02,DUPLICATE_TRANSACTION,DIGITAL_WALLET,0
65.03,39,278,0,19,0,1,0,0,1,6,0.0056,1.57,-1.03,DUPLICATE_TRANSACTION,DEBIT_CARD,1
105.32,40,240,0,18,1,1,1,0,0,5,0.0178,1.72,-0.69,GOODS_NOT_RECEIVED,CREDIT_CARD,1
85.15,5,263,4,17,4,1,1,0,1,6,0.0071,2.04,0.48,DUPLICATE_TRANSACTION,DEBIT_CARD,1
122.84,11,1018,0,46,2,1,1,0,0,6,0.0186,2.94,-0.94,UNAUTHORIZED_TRANSACTION,DEBIT_CARD,1
46.68,44,914,0,48,0,0,0,0,0,4,0.0081,3.83,-0.13,GOODS_NOT_RECEIVED,CREDIT_CARD,0
23.38,15,972,0,68,1,0,0,0,1,4,0.0249,0.59,0.4,UNAUTHORIZED_TRANSACTION,DEBIT_CARD,0
68.99,15,113,0,9,0,1,0,1,1,7,0.0168,0.6,0.67,DUPLICATE_TRANSACTION,CREDIT_CARD,1
30.97,17,32,0,1,1,1,0,0,1,6,0.0165,3.93,-0.77,UNAUTHORIZED_TRANSACTION,CREDIT_CARD,1
110.17,8,1160,2,98,1,1,1,0,1,6,0.0037,0.78,-1.82,UNAUTHORIZED_TRANSACTION,CREDIT_CARD,1
36.49,29,1187,0,94,1,1,1,0,1,5,0.0162,2.88,-0.14,GOODS_NOT_RECEIVED,CREDIT_CARD,1
70.79,7,1130,0,25,0,1,1,0,1,6,0.0153,4.04,-0.01,DUPLICATE_TRANSACTION,BANK_TRANSFER,1
234.07,14,845,0,20,1,1,0,0,1,5,0.0395,0.7,-0.32,GOODS_NOT_RECEIVED,DIGITAL_WALLET,1
90.28,9,934,0,92,0,1,0,0,1,5,0.0186,1.36,0.17,GOODS_NOT_RECEIVED,CREDIT_CARD,1
32.12,16,968,0,89,1,1,0,0,1,6,0.006,4.28,0.96,REFUND_NOT_RECEIVED,DEBIT_CARD,1
30.4,38,41,0,2,0,1,1,0,1,5,0.0056,0.62,-0.66,DUPLICATE_TRANSACTION,DIGITAL_WALLET,1
23.75,16,682,0,45,1,1,1,0,1,6,0.0297,0.67,-0.08,UNAUTHORIZED_TRANSACTION,DEBIT_CARD,0
12.97,42,256,0,24,0,1,0,0,1,6,0.0145,0.71,-1.32,GOODS_NOT_RECEIVED,DIGITAL_WALLET,1
15.22,19,923,0,82,1,1,1,0,0,5,0.0168,1.11,0.66,UNAUTHORIZED_TRANSACTION,CREDIT_CARD,1
148.92,25,724,0,18,1,0,0,0,1,4,0.0057,0.55,0.92,REFUND_NOT_RECEIVED,CREDIT_CARD,0
58.21,8,43,0,3,1,1,1,0,1,6,0.0057,0.78,1.29,UNAUTHORIZED_TRANSACTION,DIGITAL_WALLET,0
93.59,15,1094,0,73,0,1,0,0,1,6,0.0239,3.26,0.28,GOODS_NOT_RECEIVED,DEBIT_CARD,0
35.6,14,1030,0,81,0,1,1,0,1,6,0.0057,2.36,0.09,DUPLICATE_TRANSACTION,DEBIT_CARD,1
23.53,11,555,0,28,0,1,1,0,1,6,0.0259,8.1,0.5,DUPLICATE_TRANSACTION,DEBIT_CARD,1
40.68,13,1167,0,37,1,1,1,0,1,6,0.0162,3.62,-0.79,UNAUTHORIZED_TRANSACTION,DIGITAL_WALLET,1
32.35,22,1089,0,62,0,1,1,0,1,5,0.0162,0.55,0.13,DUPLICATE_TRANSACTION,DEBIT_CARD,1
210.91,31,1158,0,29,0,1,1,1,1,6,0.0395,2.64,0.27,GOODS_NOT_RECEIVED,DEBIT_CARD,1
77.17,32,427,0,16,0,1,1,0,1,6,0.0186,1.2,0.45,UNAUTHORIZED_TRANSACTION,CREDIT_CARD,0
26.98,36,160,0,12,0,1,1,0,1,6,0.0044,2.3,0.74,GOODS_NOT_RECEIVED,CREDIT_CARD,0
88.26,14,762,0,66,2,1,1,0,1,6,0.0182,4.01,-2.03,GOODS_NOT_AS_DESCRIBED,CREDIT_CARD,1
22.4,38,245,0,15,1,1,1,0,1,6,0.0186,0.51,0.75,REFUND_NOT_RECEIVED,CREDIT_CARD,1
109.82,9,1053,0,69,1,1,1,0,1,6,0.0395,2.28,-1.65,REFUND_NOT_RECEIVED,CREDIT_CARD,0
85.56,24,1091,0,103,1,1,0,0,1,5,0.0297,1.17,-0.81,UNAUTHORIZED_TRANSACTION,DEBIT_CARD,0
46.52,34,723,2,66,0,1,1,0,1,5,0.016,7.92,-1.09,UNAUTHORIZED_TRANSACTION,DIGITAL_WALLET,1
21.58,37,987,0,27,0,1,1,1,1,7,0.0081,2.04,1.54,DUPLICATE_TRANSACTION,DEBIT_CARD,1
5.0,23,891,1,38,0,1,1,0,1,6,0.0162,0.67,-0.6,GOODS_NOT_AS_DESCRIBED,DIGITAL_WALLET,1
121.01,6,427,0,16,0,1,1,0,1,6,0.006,1.59,0.15,GOODS_NOT_RECEIVED,DEBIT_CARD,1
59.41,22,1141,0,51,0,1,0,0,1,6,0.0227,0.99,-0.29,GOODS_NOT_RECEIVED,DIGITAL_WALLET,1
43.84,18,660,0,29,1,1,1,0,1,6,0.0044,4.03,-1.92,REFUND_NOT_RECEIVED,CREDIT_CARD,1
81.93,9,253,0,12,0,1,1,0,1,6,0.0158,1.53,0.23,GOODS_NOT_RECEIVED,DIGITAL_WALLET,1
109.84,22,330,2,28,2,1,0,0,1,6,0.0229,0.87,0.18,GOODS_NOT_RECEIVED,DEBIT_CARD,1
42.8,19,740,0,22,1,1,1,0,0,6,0.0044,1.78,0.03,GOODS_NOT_AS_DESCRIBED,DEBIT_CARD,1
79.86,27,415,0,20,1,1,1,0,1,6,0.0081,0.88,-1.23,DUPLICATE_TRANSACTION,DIGITAL_WALLET,1
17.77,8,417,0,27,0,1,1,0,1,6,0.006,1.4,-0.38,GOODS_NOT_RECEIVED,CREDIT_CARD,1
122.17,38,524,0,31,0,1,1,0,1,6,0.0081,2.22,0.36,GOODS_NOT_RECEIVED,CREDIT_CARD,1
239.75,28,806,0,79,0,1,1,0,1,6,0.0277,0.62,-0.21,DUPLICATE_TRANSACTION,CREDIT_CARD,1
137.64,16,1108,0,104,2,1,1,0,0,6,0.0056,2.74,-0.3,GOODS_NOT_RECEIVED,CREDIT_CARD,1
44.92,33,471,0,43,1,1,1,0,1,6,0.0297,2.02,-0.24,DUPLICATE_TRANSACTION,CREDIT_CARD,1
27.92,10,411,0,18,1,1,1,0,1,6,0.0227,2.42,-1.72,GOODS_NOT_RECEIVED,CREDIT_CARD,0
14.73,28,987,0,27,0,1,1,0,1,6,0.0239,1.0,-1.32,GOODS_NOT_RECEIVED,CREDIT_CARD,0
297.58,26,639,1,55,0,1,0,0,1,6,0.0057,0.57,1.06,DUPLICATE_TRANSACTION,CREDIT_CARD,1
14.9,21,32,0,1,1,1,0,0,1,6,0.0277,0.52,0.08,GOODS_NOT_RECEIVED,CREDIT_CARD,1
39.59,36,421,2,22,2,1,1,0,1,6,0.0158,1.1,0.17,GOODS_NOT_RECEIVED,CREDIT_CARD,0
77.77,29,895,0,44,1,0,0,0,1,5,0.0071,1.49,0.57,DUPLICATE_TRANSACTION,DEBIT_CARD,1
34.96,30,1006,0,55,1,1,0,0,0,6,0.0277,3.61,0.33,UNAUTHORIZED_TRANSACTION,CREDIT_CARD,1
26.64,31,456,0,40,1,1,0,0,1,6,0.016,0.67,0.08,GOODS_NOT_RECEIVED,DIGITAL_WALLET,1
61.03,11,204,0,12,0,1,1,0,1,6,0.0057,2.04,0.16,GOODS_NOT_AS_DESCRIBED,BANK_TRANSFER,1
87.07,39,1177,0,108,1,1,0,0,1,5,0.0044,1.62,-0.57,GOODS_NOT_AS_DESCRIBED,CREDIT_CARD,1
159.51,38,384,0,32,0,1,1,1,1,7,0.0239,3.8,-1.21,DUPLICATE_TRANSACTION,DIGITAL_WALLET,1
15.23,31,810,0,28,2,1,1,0,1,6,0.0158,2.38,1.34,GOODS_NOT_RECEIVED,DEBIT_CARD,1
448.84,12,934,0,92,0,0,0,1,1,6,0.0186,0.76,-0.77,UNAUTHORIZED_TRANSACTION,CREDIT_CARD,1
115.89,39,775,0,70,0,1,1,0,1,6,0.0186,1.73,-0.05,UNAUTHORIZED_TRANSACTION,CREDIT_CARD,0
435.49,22,106,0,6,0,0,0,0,1,5,0.0162,1.13,0.42,GOODS_NOT_RECEIVED,DEBIT_CARD,0
40.79,27,852,0,52,1,1,1,0,1,6,0.0162,1.67,0.95,UNAUTHORIZED_TRANSACTION,DEBIT_CARD,0
51.33,34,548,0,28,0,0,0,0,0,5,0.0071,0.62,-2.3,GOODS_NOT_RECEIVED,CREDIT_CARD,0
25.46,20,699,1,60,3,1,1,1,0,6,0.0178,2.54,-0.83,GOODS_NOT_RECEIVED,CREDIT_CARD,1
147.57,35,48,0,3,0,0,0,0,0,4,0.0158,0.77,2.15,GOODS_NOT_RECEIVED,CREDIT_CARD,0
20.47,42,490,0,8,1,1,0,0,0,6,0.0044,0.79,-0.36,UNAUTHORIZED_TRANSACTION,DEBIT_CARD,1
86.05,38,1085,0,59,0,1,1,0,0,6,0.0153,5.72,-0.12,GOODS_NOT_RECEIVED,DEBIT_CARD,1
107.36,5,607,0,26,0,1,0,0,1,5,0.0168,1.0,0.87,GOODS_NOT_AS_DESCRIBED,CREDIT_CARD,1
161.01,13,165,0,10,0,1,1,0,1,6,0.0153,0.85,-0.46,GOODS_NOT_RECEIVED,DIGITAL_WALLET,1
23.68,40,48,0,3,0,1,1,0,1,5,0.0065,0.58,-1.15,GOODS_NOT_AS_DESCRIBED,DEBIT_CARD,1
34.05,8,147,0,9,0,0,0,0,1,4,0.0037,1.72,1.17,GOODS_NOT_RECEIVED,CREDIT_CARD,0
52.52,24,885,0,72,2,1,1,0,1,5,0.0239,5.13,-1.24,UNAUTHORIZED_TRANSACTION,CREDIT_CARD,1
82.72,21,260,0,19,1,1,0,1,1,7,0.0071,1.74,0.22,GOODS_NOT_AS_DESCRIBED,CREDIT_CARD,1
194.33,14,1085,0,59,0,1,1,0,1,6,0.0153,0.78,1.25,GOODS_NOT_RECEIVED,DEBIT_CARD,1
158.19,44,123,0,4,1,1,0,0,0,5,0.0158,2.24,-0.41,GOODS_NOT_AS_DESCRIBED,CREDIT_CARD,0
103.81,17,650,1,62,0,1,1,0,1,6,0.0059,3.34,0.27,REFUND_NOT_RECEIVED,DEBIT_CARD,0
141.5,42,471,0,43,1,1,0,0,1,6,0.0165,1.59,0.37,GOODS_NOT_RECEIVED,DIGITAL_WALLET,0
67.64,20,433,0,31,0,1,1,0,1,6,0.0182,2.9,0.31,GOODS_NOT_RECEIVED,DEBIT_CARD,1
122.83,43,261,1,11,0,0,0,0,0,5,0.0153,1.22,0.57,UNAUTHORIZED_TRANSACTION,CREDIT_CARD,1
185.63,37,749,0,59,0,1,0,0,0,6,0.0277,0.52,0.53,DUPLICATE_TRANSACTION,DEBIT_CARD,1
27.55,31,899,0,79,0,1,1,0,0,6,0.0147,0.62,-0.95,UNAUTHORIZED_TRANSACTION,CREDIT_CARD,1
27.32,41,681,1,20,0,1,1,0,1,6,0.0145,3.14,-0.12,GOODS_NOT_AS_DESCRIBED,CREDIT_CARD,1
63.29,20,1141,0,51,0,1,1,0,1,6,0.0044,9.16,-0.63,GOODS_NOT_AS_DESCRIBED,CREDIT_CARD,1
82.16,19,982,0,71,0,1,0,1,1,7,0.0145,0.67,0.11,DUPLICATE_TRANSACTION,DIGITAL_WALLET,1
120.17,20,899,0,79,0,1,1,0,1,6,0.0059,2.66,-0.33,GOODS_NOT_RECEIVED,CREDIT_CARD,1
97.06,10,113,1,9,5,1,1,0,1,6,0.0056,1.28,-0.43,UNAUTHORIZED_TRANSACTION,CREDIT_CARD,1
22.7,33,504,0,11,0,1,1,0,1,6,0.0229,4.53,-0.18,DUPLICATE_TRANSACTION,CREDIT_CARD,0
178.4,44,548,0,28,0,0,0,0,1,4,0.0162,4.38,-0.35,GOODS_NOT_AS_DESCRIBED,CREDIT_CARD,1
25.29,21,927,1,66,1,1,1,0,0,6,0.0044,0.54,-0.55,GOODS_NOT_RECEIVED,CREDIT_CARD,0
82.53,44,1198,0,57,1,1,0,0,1,6,0.0147,3.36,-1.29,DUPLICATE_TRANSACTION,CREDIT_CARD,1
40.69,11,511,3,11,9,1,1,0,1,5,0.0277,1.53,-1.48,GOODS_NOT_RECEIVED,CREDIT_CARD,1
21.96,38,691,0,25,0,1,0,0,1,5,0.0037,0.81,0.64,UNAUTHORIZED_TRANSACTION,CREDIT_CARD,1
69.02,40,469,0,25,0,0,0,0,0,5,0.0037,0.71,1.44,GOODS_NOT_RECEIVED,CREDIT_CARD,0
40.51,30,539,1,20,0,1,1,1,1,7,0.0081,2.35,0.51,DUPLICATE_TRANSACTION,CREDIT_CARD,0
65.54,30,303,0,16,0,1,1,0,1,6,0.0297,1.37,0.15,GOODS_NOT_RECEIVED,CREDIT_CARD,1
49.6,15,638,0,26,1,1,1,0,1,6,0.0145,0.58,0.34,REFUND_NOT_RECEIVED,DIGITAL_WALLET,1
22.07,29,471,0,43,1,0,0,0,1,3,0.0249,2.3,-0.45,GOODS_NOT_RECEIVED,DEBIT_CARD,0
98.58,40,456,0,37,1,0,0,0,1,5,0.0239,2.5,-0.14,GOODS_NOT_AS_DESCRIBED,CREDIT_CARD,1
165.12,6,202,0,18,0,1,0,0,0,6,0.0178,2.78,0.83,GOODS_NOT_RECEIVED,CREDIT_CARD,0
57.8,32,519,0,13,1,1,0,0,1,6,0.0037,1.03,0.27,UNAUTHORIZED_TRANSACTION,CREDIT_CARD,1
114.55,5,982,0,71,0,1,1,0,1,6,0.0395,4.55,0.17,GOODS_NOT_RECEIVED,CREDIT_CARD,1
102.78,10,778,0,72,0,0,0,0,1,5,0.0153,2.35,0.4,DUPLICATE_TRANSACTION,CREDIT_CARD,1
65.05,44,640,0,54,1,1,1,0,1,6,0.0178,7.64,0.73,UNAUTHORIZED_TRANSACTION,DEBIT_CARD,1
23.98,40,152,0,9,1,1,1,0,1,6,0.0168,1.44,1.09,GOODS_NOT_AS_DESCRIBED,DEBIT_CARD,1
27.7,5,892,0,79,1,1,1,0,1,6,0.0168,2.95,-0.72,DUPLICATE_TRANSACTION,DEBIT_CARD,1
65.3,19,403,0,13,0,1,1,0,1,5,0.006,2.66,1.96,GOODS_NOT_RECEIVED,DEBIT_CARD,1
97.58,5,1107,1,23,1,1,1,1,0,7,0.0162,2.11,0.38,UNAUTHORIZED_TRANSACTION,DEBIT_CARD,0
149.9,23,112,0,2,0,1,1,0,1,6,0.0178,1.22,0.13,GOODS_NOT_RECEIVED,DEBIT_CARD,1
53.31,29,291,3,27,3,1,0,0,1,5,0.006,1.12,0.51,GOODS_NOT_RECEIVED,CREDIT_CARD,0
28.2,18,1010,0,17,0,1,1,0,1,6,0.0178,0.8,-0.08,UNAUTHORIZED_TRANSACTION,CREDIT_CARD,1
12.57,26,77,0,2,0,1,0,0,0,6,0.0081,1.96,-0.97,GOODS_NOT_RECEIVED,CREDIT_CARD,1
100.09,27,411,0,18,1,1,0,0,1,5,0.0182,1.4,0.15,UNAUTHORIZED_TRANSACTION,CREDIT_CARD,0
61.88,11,113,0,9,0,1,1,0,0,5,0.0186,1.55,-0.38,GOODS_NOT_RECEIVED,DIGITAL_WALLET,1
143.66,38,778,0,37,0,0,0,0,1,5,0.006,0.53,0.5,GOODS_NOT_RECEIVED,CREDIT_CARD,0
31.2,15,674,0,13,1,1,1,0,1,5,0.0057,3.43,-1.86,UNAUTHORIZED_TRANSACTION,DEBIT_CARD,1
26.84,20,1189,0,23,1,1,1,0,0,5,0.006,0.82,0.7,UNAUTHORIZED_TRANSACTION,CREDIT_CARD,1
41.17,42,1081,0,53,1,1,1,0,1,6,0.0297,2.16,0.72,GOODS_NOT_RECEIVED,CREDIT_CARD,1
31.62,13,661,1,38,1,1,0,0,0,6,0.0037,0.56,-0.4,UNAUTHORIZED_TRANSACTION,CREDIT_CARD,1
89.99,8,164,0,8,0,1,1,0,1,6,0.006,0.75,-0.24,UNAUTHORIZED_TRANSACTION,CREDIT_CARD,1
47.64,44,1137,0,63,0,1,0,0,1,5,0.0056,1.22,2.86,UNAUTHORIZED_TRANSACTION,CREDIT_CARD,1
49.56,39,247,0,7,1,0,0,0,1,5,0.0227,2.21,-1.05,DUPLICATE_TRANSACTION,CREDIT_CARD,1
214.44,27,973,0,58,1,1,0,0,1,5,0.006,1.56,0.39,DUPLICATE_TRANSACTION,DEBIT_CARD,1
95.48,28,893,3,45,4,1,0,0,1,6,0.0081,2.06,0.1,UNAUTHORIZED_TRANSACTION,CREDIT_CARD,0
23.35,8,527,0,37,1,1,1,0,0,6,0.0182,4.34,0.29,UNAUTHORIZED_TRANSACTION,DEBIT_CARD,1
14.39,34,1023,0,61,0,1,1,0,1,5,0.0178,0.66,0.77,GOODS_NOT_RECEIVED,CREDIT_CARD,1
66.31,44,820,1,72,1,1,0,0,1,4,0.0044,0.77,0.21,GOODS_NOT_RECEIVED,CREDIT_CARD,0
129.5,36,943,1,16,0,1,1,0,1,5,0.0145,3.24,0.8,UNAUTHORIZED_TRANSACTION,CREDIT_CARD,1
58.97,42,1007,0,57,2,1,1,0,0,6,0.0239,0.6,-0.55,REFUND_NOT_RECEIVED,CREDIT_CARD,1
55.99,38,1085,0,59,0,0,0,0,0,5,0.0165,7.2,1.66,GOODS_NOT_RECEIVED,CREDIT_CARD,0
43.62,38,733,0,26,1,1,1,0,1,6,0.006,1.93,1.42,GOODS_NOT_RECEIVED,CREDIT_CARD,1
133.14,35,452,0,10,1,1,1,0,1,6,0.0147,5.2,-0.04,UNAUTHORIZED_TRANSACTION,CREDIT_CARD,1
469.37,35,830,0,37,0,0,0,0,1,5,0.0178,1.65,0.53,GOODS_NOT_RECEIVED,DEBIT_CARD,0
13.57,36,753,0,16,0,1,1,0,1,6,0.0165,0.83,0.55,UNAUTHORIZED_TRANSACTION,CREDIT_CARD,1
127.21,40,621,0,61,0,1,1,0,1,6,0.0158,2.83,0.67,GOODS_NOT_RECEIVED,CREDIT_CARD,1
146.17,26,268,0,10,1,1,1,0,1,6,0.0297,0.6,0.4,REFUND_NOT_RECEIVED,CREDIT_CARD,0
15.38,23,514,0,15,0,0,0,0,1,5,0.0081,1.26,0.87,DUPLICATE_TRANSACTION,CREDIT_CARD,1
37.54,39,728,0,70,1,1,1,0,1,6,0.0249,1.22,1.0,GOODS_NOT_RECEIVED,CREDIT_CARD,0
119.32,42,412,1,31,1,1,1,0,1,6,0.0249,1.06,0.23,GOODS_NOT_RECEIVED,CREDIT_CARD,1
78.68,19,204,0,12,0,1,1,1,1,7,0.0153,1.0,-0.24,REFUND_NOT_RECEIVED,CREDIT_CARD,1
173.75,42,659,0,57,1,1,1,0,1,6,0.0037,2.67,1.14,GOODS_NOT_AS_DESCRIBED,CREDIT_CARD,1
47.57,12,969,0,36,0,1,1,0,1,6,0.006,0.82,0.53,REFUND_NOT_RECEIVED,DEBIT_CARD,1
33.09,36,264,0,24,0,0,0,0,1,4,0.0057,0.54,-0.77,GOODS_NOT_RECEIVED,CREDIT_CARD,0
33.67,40,294,0,24,1,1,1,1,1,7,0.0277,2.59,-0.27,GOODS_NOT_RECEIVED,CREDIT_CARD,1
55.03,41,1138,0,72,0,1,1,0,1,5,0.0065,1.54,-0.0,UNAUTHORIZED_TRANSACTION,CREDIT_CARD,1
14.79,34,740,0,22,1,1,1,0,1,6,0.0044,3.71,0.2,REFUND_NOT_RECEIVED,CREDIT_CARD,1
103.31,27,799,2,40,5,1,0,0,1,6,0.0227,1.6,-1.98,GOODS_NOT_RECEIVED,CREDIT_CARD,0
59.14,11,670,0,50,0,1,1,0,1,6,0.0168,1.19,-1.78,GOODS_NOT_AS_DESCRIBED,CREDIT_CARD,1
80.34,26,1031,0,85,0,1,1,0,1,6,0.0044,2.2,-0.73,GOODS_NOT_RECEIVED,DIGITAL_WALLET,1
33.72,40,234,0,21,0,0,0,0,1,4,0.0162,1.57,-1.24,GOODS_NOT_RECEIVED,DEBIT_CARD,0
59.6,43,351,0,14,0,1,1,1,1,7,0.0186,1.01,0.27,UNAUTHORIZED_TRANSACTION,CREDIT_CARD,1
44.09,32,415,3,39,3,1,1,0,1,6,0.0162,2.77,-0.41,UNAUTHORIZED_TRANSACTION,DEBIT_CARD,0
49.58,16,358,0,24,0,1,1,0,0,6,0.0239,3.37,0.14,GOODS_NOT_RECEIVED,CREDIT_CARD,1
89.37,7,705,1,27,0,1,1,0,1,6,0.0153,2.26,-1.45,UNAUTHORIZED_TRANSACTION,CREDIT_CARD,0
90.05,42,949,0,16,1,1,0,0,1,5,0.0182,2.33,0.23,UNAUTHORIZED_TRANSACTION,CREDIT_CARD,0
40.18,40,414,0,19,2,1,1,0,1,6,0.0037,1.06,0.12,GOODS_NOT_AS_DESCRIBED,CREDIT_CARD,1
18.63,25,109,0,7,0,1,0,0,1,6,0.016,1.3,0.12,GOODS_NOT_RECEIVED,DEBIT_CARD,0
63.25,26,812,0,58,0,1,0,0,0,6,0.0153,5.5,-0.6,DUPLICATE_TRANSACTION,DEBIT_CARD,0
25.16,27,1091,0,61,1,0,0,0,0,4,0.0037,1.46,-0.61,GOODS_NOT_RECEIVED,CREDIT_CARD,0
64.93,11,105,0,9,0,1,0,1,1,7,0.0239,0.58,-0.0,UNAUTHORIZED_TRANSACTION,CREDIT_CARD,0
131.19,11,525,0,15,0,1,1,0,1,6,0.0239,2.71,0.0,UNAUTHORIZED_TRANSACTION,BANK_TRANSFER,0
63.5,25,394,0,30,1,1,1,0,1,5,0.0239,3.33,0.77,DUPLICATE_TRANSACTION,CREDIT_CARD,1
133.72,18,691,0,25,0,1,1,1,0,7,0.0059,1.09,-0.46,GOODS_NOT_RECEIVED,DEBIT_CARD,1
51.36,11,891,0,59,2,1,0,0,1,5,0.0168,3.84,-1.0,GOODS_NOT_RECEIVED,DEBIT_CARD,1
29.35,9,387,1,18,0,1,0,0,1,5,0.0186,1.3,0.3,GOODS_NOT_RECEIVED,BANK_TRANSFER,1
18.85,41,743,0,25,0,1,1,0,1,6,0.0056,1.68,-0.04,GOODS_NOT_RECEIVED,DEBIT_CARD,1
80.66,23,1080,0,40,0,1,1,0,1,6,0.0044,3.51,-0.77,GOODS_NOT_RECEIVED,DEBIT_CARD,1
200.72,29,819,3,36,2,1,1,0,1,6,0.0239,1.76,1.34,GOODS_NOT_RECEIVED,CREDIT_CARD,1
34.36,16,783,0,40,0,1,1,0,0,6,0.0182,1.25,1.51,UNAUTHORIZED_TRANSACTION,CREDIT_CARD,1
406.97,13,966,0,78,0,1,0,0,1,6,0.0178,2.08,1.26,GOODS_NOT_RECEIVED,DEBIT_CARD,1
82.71,5,502,0,49,0,1,1,0,1,6,0.0227,1.86,-0.88,GOODS_NOT_RECEIVED,DEBIT_CARD,1
31.72,33,215,0,9,0,1,1,0,1,6,0.0395,1.93,0.37,GOODS_NOT_RECEIVED,DEBIT_CARD,1
43.65,23,732,0,50,1,1,1,0,1,6,0.0395,5.82,-0.03,REFUND_NOT_RECEIVED,CREDIT_CARD,1
101.13,19,618,0,31,0,1,1,0,1,6,0.006,1.91,0.87,UNAUTHORIZED_TRANSACTION,DEBIT_CARD,1
76.55,40,1007,0,29,0,1,1,0,1,6,0.0178,0.72,-0.81,GOODS_NOT_RECEIVED,CREDIT_CARD,1
71.06,22,253,0,12,0,1,0,0,0,6,0.016,0.56,-0.95,UNAUTHORIZED_TRANSACTION,CREDIT_CARD,1
202.65,26,490,0,15,1,1,1,0,0,6,0.0277,4.55,0.29,GOODS_NOT_RECEIVED,CREDIT_CARD,1
32.87,26,456,0,37,1,1,1,0,1,6,0.0162,0.98,0.23,UNAUTHORIZED_TRANSACTION,DEBIT_CARD,1
140.95,34,503,0,41,0,1,1,0,1,6,0.0071,2.21,-0.09,GOODS_NOT_RECEIVED,DEBIT_CARD,1
33.82,11,690,0,32,0,1,1,0,1,6,0.0395,1.35,-0.52,GOODS_NOT_RECEIVED,CREDIT_CARD,1
187.89,10,245,0,15,1,1,1,0,1,6,0.0162,2.83,0.56,REFUND_NOT_RECEIVED,DIGITAL_WALLET,1
816.65,17,268,0,10,1,0,0,0,1,5,0.006,0.57,0.85,GOODS_NOT_RECEIVED,DIGITAL_WALLET,0
58.22,18,686,0,59,0,1,1,0,1,5,0.006,0.75,-0.17,UNAUTHORIZED_TRANSACTION,DIGITAL_WALLET,1
22.12,6,31,0,1,0,1,1,0,0,5,0.0168,0.52,-1.32,UNAUTHORIZED_TRANSACTION,CREDIT_CARD,1
34.38,20,488,0,28,0,1,0,0,1,5,0.0395,2.86,-0.12,DUPLICATE_TRANSACTION,CREDIT_CARD,1
163.77,43,1035,3,101,1,1,0,0,1,5,0.0277,0.63,-0.14,REFUND_NOT_RECEIVED,BANK_TRANSFER,1
30.98,37,837,0,77,0,0,0,0,1,4,0.0145,3.31,0.06,GOODS_NOT_RECEIVED,DIGITAL_WALLET,0
86.86,5,650,1,62,0,1,0,0,1,5,0.0071,2.14,-0.47,REFUND_NOT_RECEIVED,CREDIT_CARD,1
34.61,34,1026,0,48,0,1,1,1,1,7,0.0186,2.91,-1.49,GOODS_NOT_RECEIVED,CREDIT_CARD,1
203.98,15,352,0,17,0,1,1,0,1,6,0.0057,2.52,0.57,DUPLICATE_TRANSACTION,BANK_TRANSFER,1
109.7,18,1036,1,49,2,1,1,0,1,6,0.0227,1.09,-0.32,GOODS_NOT_RECEIVED,CREDIT_CARD,1
160.08,41,1183,1,101,1,1,0,0,1,5,0.016,4.51,1.3,GOODS_NOT_RECEIVED,CREDIT_CARD,0
30.39,41,972,0,96,0,1,0,0,0,5,0.0182,1.08,0.3,GOODS_NOT_RECEIVED,BANK_TRANSFER,1
93.71,39,1181,0,95,0,1,1,0,1,6,0.0182,0.72,0.36,GOODS_NOT_RECEIVED,DEBIT_CARD,1
27.66,18,765,0,75,1,1,0,0,0,6,0.0162,0.82,0.1,DUPLICATE_TRANSACTION,CREDIT_CARD,1
118.79,26,1198,1,79,0,1,1,1,1,7,0.0071,1.13,-0.55,GOODS_NOT_RECEIVED,CREDIT_CARD,1
40.16,35,554,0,9,0,1,1,0,1,5,0.0259,1.12,0.05,GOODS_NOT_RECEIVED,CREDIT_CARD,1
68.64,22,204,0,15,0,1,1,0,1,6,0.0395,1.77,0.68,GOODS_NOT_RECEIVED,CREDIT_CARD,1
152.36,14,245,0,22,0,1,1,0,1,6,0.0145,1.48,0.48,GOODS_NOT_RECEIVED,CREDIT_CARD,1
31.66,28,247,0,7,1,1,1,0,1,5,0.0182,0.96,0.94,GOODS_NOT_RECEIVED,CREDIT_CARD,1
18.39,28,899,0,79,0,1,0,0,1,5,0.0165,2.07,1.56,UNAUTHORIZED_TRANSACTION,CREDIT_CARD,0
62.85,36,899,0,79,0,0,0,0,1,4,0.0081,2.05,0.18,REFUND_NOT_RECEIVED,DEBIT_CARD,1
49.36,41,561,0,47,0,1,1,0,1,6,0.0145,1.14,-0.51,UNAUTHORIZED_TRANSACTION,CREDIT_CARD,1
13.52,38,278,0,19,0,1,1,0,1,6,0.0056,3.52,0.17,GOODS_NOT_AS_DESCRIBED,DIGITAL_WALLET,1
179.64,14,1027,0,99,1,1,0,0,1,6,0.0186,0.9,0.28,UNAUTHORIZED_TRANSACTION,CREDIT_CARD,0
74.09,18,810,0,28,2,1,1,0,1,6,0.0229,0.57,1.39,GOODS_NOT_RECEIVED,CREDIT_CARD,1
25.9,27,1151,0,107,0,1,0,0,1,5,0.0178,6.76,1.21,UNAUTHORIZED_TRANSACTION,CREDIT_CARD,1
69.91,36,574,0,11,1,1,1,1,1,7,0.0297,1.21,0.52,REFUND_NOT_RECEIVED,DIGITAL_WALLET,1
26.04,16,1018,0,46,2,1,1,0,1,6,0.0057,1.02,2.3,UNAUTHORIZED_TRANSACTION,DIGITAL_WALLET,1
44.73,28,270,1,20,1,1,1,0,1,6,0.0297,1.11,-0.49,UNAUTHORIZED_TRANSACTION,CREDIT_CARD,1
23.87,38,216,2,6,0,1,1,0,1,6,0.0065,1.15,-0.11,UNAUTHORIZED_TRANSACTION,DIGITAL_WALLET,1
277.28,24,168,3,16,1,0,0,0,1,5,0.0182,1.57,-0.82,DUPLICATE_TRANSACTION,CREDIT_CARD,0
74.82,33,268,0,10,1,0,0,0,0,5,0.0065,2.02,-1.59,UNAUTHORIZED_TRANSACTION,DIGITAL_WALLET,0
71.12,20,490,0,8,1,0,0,0,0,5,0.0071,1.05,0.97,UNAUTHORIZED_TRANSACTION,DEBIT_CARD,0
29.68,44,55,0,5,0,1,1,1,1,7,0.0065,7.3,-0.35,GOODS_NOT_RECEIVED,DIGITAL_WALLET,1
37.72,13,640,0,54,1,1,1,0,1,6,0.0071,0.69,1.15,GOODS_NOT_RECEIVED,CREDIT_CARD,1
211.01,7,623,0,34,0,1,1,0,1,6,0.0297,1.92,0.07,UNAUTHORIZED_TRANSACTION,DEBIT_CARD,1
184.6,14,481,0,37,0,1,1,0,1,6,0.0182,1.35,-0.3,UNAUTHORIZED_TRANSACTION,CREDIT_CARD,1
44.63,44,806,0,79,0,1,1,0,0,6,0.0297,1.05,-0.43,GOODS_NOT_RECEIVED,CREDIT_CARD,1
65.41,5,653,0,32,0,1,1,0,0,6,0.0395,0.58,-0.38,GOODS_NOT_AS_DESCRIBED,DEBIT_CARD,0
85.14,11,1101,0,76,0,1,1,0,1,6,0.0147,2.69,-0.01,GOODS_NOT_RECEIVED,DEBIT_CARD,1
35.28,35,731,0,40,0,1,0,0,1,5,0.0186,1.47,1.28,GOODS_NOT_RECEIVED,BANK_TRANSFER,0
64.83,17,267,1,19,0,0,0,0,1,5,0.0182,1.46,-0.15,GOODS_NOT_RECEIVED,DIGITAL_WALLET,0
71.6,26,123,0,4,1,1,1,0,1,6,0.0239,1.78,0.58,UNAUTHORIZED_TRANSACTION,CREDIT_CARD,0
51.38,20,984,0,91,0,1,0,0,1,6,0.0037,0.94,-0.89,GOODS_NOT_RECEIVED,CREDIT_CARD,0
62.7,26,926,0,52,0,1,0,0,1,5,0.0162,1.6,-0.71,GOODS_NOT_AS_DESCRIBED,DEBIT_CARD,1
26.3,10,971,1,36,1,1,0,0,1,5,0.0182,1.28,0.16,GOODS_NOT_AS_DESCRIBED,DIGITAL_WALLET,1
66.21,5,79,0,6,1,0,0,0,1,4,0.016,2.0,-0.35,GOODS_NOT_RECEIVED,CREDIT_CARD,0
34.93,6,829,1,26,0,1,1,0,1,6,0.0065,1.1,-0.5,GOODS_NOT_RECEIVED,CREDIT_CARD,1
109.89,31,713,0,47,0,1,1,0,0,6,0.0259,1.31,-0.2,GOODS_NOT_RECEIVED,CREDIT_CARD,1
131.55,16,898,0,20,0,1,1,0,1,6,0.0037,5.0,-0.03,UNAUTHORIZED_TRANSACTION,CREDIT_CARD,1
25.64,10,699,0,20,0,1,1,0,1,6,0.0044,1.21,-0.41,GOODS_NOT_RECEIVED,CREDIT_CARD,0
177.62,6,34,0,1,0,1,1,0,1,6,0.0178,1.13,1.48,GOODS_NOT_RECEIVED,CREDIT_CARD,0
53.66,41,158,0,14,1,0,0,0,0,5,0.0162,2.43,0.65,GOODS_NOT_RECEIVED,DIGITAL_WALLET,0
93.71,14,1023,0,36,0,1,0,0,1,5,0.0249,2.3,-0.31,GOODS_NOT_RECEIVED,DEBIT_CARD,1
283.66,21,204,0,8,1,1,1,0,1,6,0.006,4.72,0.82,UNAUTHORIZED_TRANSACTION,DEBIT_CARD,1
65.69,21,1160,2,98,1,1,1,0,1,6,0.0162,2.85,0.29,REFUND_NOT_RECEIVED,CREDIT_CARD,1
8.36,10,407,0,13,2,1,1,0,1,6,0.0249,1.54,0.47,GOODS_NOT_AS_DESCRIBED,CREDIT_CARD,1
150.42,5,379,0,20,1,1,1,0,0,6,0.0037,0.79,0.73,GOODS_NOT_AS_DESCRIBED,CREDIT_CARD,1
29.26,24,560,0,38,0,1,0,0,1,5,0.0065,0.72,-0.64,UNAUTHORIZED_TRANSACTION,CREDIT_CARD,0
51.69,22,76,4,6,6,1,1,0,0,6,0.0229,1.7,-0.02,GOODS_NOT_RECEIVED,DIGITAL_WALLET,0
117.57,13,145,1,6,0,1,0,0,1,5,0.0186,2.87,-1.0,DUPLICATE_TRANSACTION,DIGITAL_WALLET,1
34.1,36,136,0,8,1,1,1,0,1,6,0.0081,1.67,0.53,GOODS_NOT_RECEIVED,DIGITAL_WALLET,1
15.51,21,660,0,29,1,0,0,0,1,4,0.0182,1.47,1.2,UNAUTHORIZED_TRANSACTION,DEBIT_CARD,0
95.52,23,49,0,2,1,1,0,0,1,6,0.0178,0.84,0.11,GOODS_NOT_RECEIVED,CREDIT_CARD,1
62.4,17,682,0,45,1,1,1,0,1,6,0.0165,1.03,0.05,GOODS_NOT_AS_DESCRIBED,CREDIT_CARD,1
31.77,5,238,0,15,0,1,0,0,1,6,0.0239,2.45,-0.15,UNAUTHORIZED_TRANSACTION,CREDIT_CARD,0
127.65,42,394,0,30,1,1,0,0,1,5,0.0297,2.07,0.66,DUPLICATE_TRANSACTION,CREDIT_CARD,1
112.2,42,90,0,8,3,1,1,0,1,6,0.0056,1.02,0.62,UNAUTHORIZED_TRANSACTION,CREDIT_CARD,1
90.33,40,1138,0,88,0,1,1,0,1,6,0.0182,7.73,0.51,GOODS_NOT_RECEIVED,CREDIT_CARD,1
582.22,14,449,0,19,0,1,0,0,1,6,0.0178,2.29,-1.2,REFUND_NOT_RECEIVED,CREDIT_CARD,0
82.12,39,698,0,51,0,1,1,0,1,6,0.0065,2.35,-0.76,UNAUTHORIZED_TRANSACTION,CREDIT_CARD,0
38.4,30,962,2,19,3,1,0,0,1,6,0.0056,0.66,0.57,GOODS_NOT_RECEIVED,DIGITAL_WALLET,1
82.52,37,900,0,28,0,1,1,0,1,6,0.0065,1.29,-1.36,GOODS_NOT_RECEIVED,DEBIT_CARD,1
163.71,44,245,0,22,0,1,1,0,1,6,0.0037,0.6,-1.02,GOODS_NOT_RECEIVED,DEBIT_CARD,1
72.72,12,140,0,9,0,1,1,1,0,7,0.0186,1.11,0.46,GOODS_NOT_RECEIVED,DIGITAL_WALLET,1
25.9,24,837,0,81,0,1,1,0,1,6,0.0147,1.36,0.15,UNAUTHORIZED_TRANSACTION,CREDIT_CARD,1
682.62,6,415,0,20,1,0,0,0,1,4,0.0297,2.09,-0.05,REFUND_NOT_RECEIVED,CREDIT_CARD,1
63.45,43,984,0,91,0,1,0,0,1,6,0.0158,4.11,1.46,GOODS_NOT_RECEIVED,DEBIT_CARD,1
29.03,44,117,0,11,0,1,1,0,1,6,0.0162,0.75,-0.34,DUPLICATE_TRANSACTION,DEBIT_CARD,1
133.29,32,869,3,23,1,1,1,0,0,5,0.0145,3.1,-1.26,GOODS_NOT_AS_DESCRIBED,CREDIT_CARD,1
123.59,33,560,0,38,0,1,1,0,0,6,0.0081,0.75,0.5,GOODS_NOT_AS_DESCRIBED,DIGITAL_WALLET,1
30.71,29,723,0,39,0,1,1,0,0,5,0.0153,1.28,-0.13,GOODS_NOT_AS_DESCRIBED,CREDIT_CARD,1
56.28,30,648,0,13,0,0,0,1,1,5,0.0229,0.99,-0.58,UNAUTHORIZED_TRANSACTION,CREDIT_CARD,0
35.65,12,517,5,32,4,1,0,0,1,5,0.0081,0.73,-0.61,GOODS_NOT_RECEIVED,DEBIT_CARD,1
43.85,34,561,0,47,0,1,1,0,1,6,0.0297,2.16,1.05,UNAUTHORIZED_TRANSACTION,DEBIT_CARD,1
155.02,5,37,0,2,1,1,1,0,1,6,0.0056,1.27,-0.24,GOODS_NOT_RECEIVED,DEBIT_CARD,1
102.68,32,172,0,14,0,1,1,0,0,6,0.0162,0.7,-0.0,GOODS_NOT_RECEIVED,CREDIT_CARD,1
95.25,34,914,0,71,0,1,1,0,0,6,0.0145,1.81,-0.4,GOODS_NOT_AS_DESCRIBED,CREDIT_CARD,1
90.55,17,923,0,82,1,1,1,1,0,7,0.0395,3.28,-0.53,UNAUTHORIZED_TRANSACTION,CREDIT_CARD,1
218.17,25,1043,0,45,1,1,1,1,1,7,0.0229,2.15,1.72,GOODS_NOT_AS_DESCRIBED,DEBIT_CARD,1
106.13,25,752,0,55,1,1,1,0,1,6,0.0178,0.75,0.16,UNAUTHORIZED_TRANSACTION,CREDIT_CARD,1
150.37,44,743,0,25,0,0,0,1,0,6,0.0229,3.11,-0.68,UNAUTHORIZED_TRANSACTION,CREDIT_CARD,1
118.2,15,399,0,14,1,1,1,0,1,6,0.0071,0.68,-0.64,GOODS_NOT_AS_DESCRIBED,CREDIT_CARD,1
291.71,31,638,2,14,4,1,1,1,1,7,0.006,3.39,1.28,GOODS_NOT_RECEIVED,CREDIT_CARD,0
552.62,9,253,0,12,0,1,1,0,1,6,0.0147,1.07,0.12,DUPLICATE_TRANSACTION,DEBIT_CARD,1
120.05,17,714,0,22,0,0,0,0,0,4,0.0227,1.43,0.01,UNAUTHORIZED_TRANSACTION,CREDIT_CARD,0
169.05,16,187,0,3,0,1,0,1,1,6,0.0044,4.98,0.59,GOODS_NOT_AS_DESCRIBED,CREDIT_CARD,1
53.55,44,583,1,54,1,1,1,0,0,6,0.0178,0.59,0.49,GOODS_NOT_RECEIVED,CREDIT_CARD,0
106.43,37,23,1,1,1,1,0,0,1,5,0.0153,0.66,1.45,GOODS_NOT_AS_DESCRIBED,CREDIT_CARD,1
200.03,34,100,0,9,1,1,1,0,1,6,0.0229,0.72,-0.72,GOODS_NOT_RECEIVED,CREDIT_CARD,1
22.35,7,1157,0,89,0,1,0,0,1,5,0.0178,2.23,0.73,REFUND_NOT_RECEIVED,CREDIT_CARD,1
39.22,27,648,0,13,0,1,1,0,1,6,0.0147,0.88,-2.05,GOODS_NOT_AS_DESCRIBED,CREDIT_CARD,1
12.02,35,764,0,32,2,1,0,0,1,6,0.0057,4.25,-0.54,UNAUTHORIZED_TRANSACTION,DEBIT_CARD,0
57.54,10,1151,0,81,0,1,1,0,0,6,0.0395,2.39,-0.63,GOODS_NOT_RECEIVED,CREDIT_CARD,0
36.55,15,270,1,20,1,1,1,0,1,5,0.016,1.95,0.43,DUPLICATE_TRANSACTION,CREDIT_CARD,1
11.83,41,948,0,80,0,1,1,0,1,6,0.016,4.03,0.23,GOODS_NOT_AS_DESCRIBED,CREDIT_CARD,1
383.33,43,491,0,22,0,1,0,0,1,5,0.0182,2.16,0.55,UNAUTHORIZED_TRANSACTION,CREDIT_CARD,1
382.7,41,456,0,40,1,1,0,0,1,6,0.0178,0.81,0.43,GOODS_NOT_RECEIVED,CREDIT_CARD,1
178.0,43,663,2,25,3,1,1,0,1,6,0.0178,1.22,0.29,GOODS_NOT_RECEIVED,CREDIT_CARD,1
22.96,10,244,0,12,0,1,0,0,1,5,0.0165,5.65,0.26,UNAUTHORIZED_TRANSACTION,DEBIT_CARD,0
71.17,22,1114,4,36,2,0,0,0,1,4,0.0056,2.88,-0.23,GOODS_NOT_AS_DESCRIBED,DEBIT_CARD,1
19.91,5,217,0,7,0,1,1,0,1,6,0.0227,1.63,-0.02,GOODS_NOT_AS_DESCRIBED,CREDIT_CARD,0
194.58,22,753,0,13,1,1,0,0,1,6,0.0182,3.5,0.3,UNAUTHORIZED_TRANSACTION,CREDIT_CARD,0
120.69,15,1047,0,94,0,1,0,0,1,6,0.0168,2.34,-0.87,GOODS_NOT_RECEIVED,DEBIT_CARD,0
117.48,10,890,1,66,1,1,1,0,1,6,0.006,1.7,0.6,GOODS_NOT_RECEIVED,DEBIT_CARD,1
23.45,9,1097,0,23,0,0,0,0,1,4,0.0065,5.89,1.2,GOODS_NOT_RECEIVED,DEBIT_CARD,0
28.17,28,773,0,21,1,1,1,1,1,7,0.0071,3.02,-0.75,GOODS_NOT_RECEIVED,CREDIT_CARD,1
135.15,6,264,0,24,0,1,1,0,0,6,0.0056,2.05,0.07,GOODS_NOT_RECEIVED,CREDIT_CARD,1
33.04,39,422,0,32,0,1,0,0,1,5,0.0165,1.35,0.09,UNAUTHORIZED_TRANSACTION,DIGITAL_WALLET,0
21.64,38,474,0,16,1,0,0,0,1,5,0.0395,1.17,0.11,UNAUTHORIZED_TRANSACTION,BANK_TRANSFER,1
244.73,6,809,0,19,0,1,1,0,1,6,0.016,2.75,-0.96,REFUND_NOT_RECEIVED,CREDIT_CARD,1
77.38,16,1043,1,67,0,1,1,0,1,6,0.0059,5.11,-0.11,GOODS_NOT_AS_DESCRIBED,CREDIT_CARD,0
197.0,6,662,0,24,0,1,0,1,1,7,0.016,0.64,-0.53,GOODS_NOT_RECEIVED,CREDIT_CARD,1
13.83,39,1137,0,56,0,1,1,0,1,6,0.0037,1.76,0.53,GOODS_NOT_AS_DESCRIBED,DIGITAL_WALLET,1
531.95,33,966,0,78,0,1,1,1,1,7,0.0145,2.89,0.22,GOODS_NOT_RECEIVED,CREDIT_CARD,1
66.82,37,830,0,37,0,1,1,0,1,6,0.0239,0.77,-1.1,REFUND_NOT_RECEIVED,CREDIT_CARD,0
147.9,9,712,0,26,0,1,0,0,0,5,0.0259,1.34,0.93,UNAUTHORIZED_TRANSACTION,DIGITAL_WALLET,0
93.58,37,485,0,27,1,1,1,0,1,5,0.0081,2.05,0.47,GOODS_NOT_RECEIVED,DEBIT_CARD,1
29.25,43,499,1,33,0,1,1,0,0,6,0.0395,2.85,-1.35,UNAUTHORIZED_TRANSACTION,CREDIT_CARD,1
225.01,17,201,0,18,1,1,0,0,0,6,0.016,3.24,-0.94,REFUND_NOT_RECEIVED,CREDIT_CARD,0
186.49,35,110,0,9,0,1,1,0,0,6,0.0277,2.04,-0.07,DUPLICATE_TRANSACTION,CREDIT_CARD,1
19.83,40,548,0,28,0,1,1,0,1,6,0.0153,2.97,-0.31,GOODS_NOT_RECEIVED,DIGITAL_WALLET,1
35.32,23,942,0,32,0,1,0,0,1,6,0.0165,3.54,0.24,UNAUTHORIZED_TRANSACTION,CREDIT_CARD,0
329.94,29,943,0,37,0,0,0,1,1,6,0.0178,2.3,0.94,DUPLICATE_TRANSACTION,DEBIT_CARD,1
111.55,39,830,0,37,0,1,0,0,0,6,0.0182,1.29,-0.82,DUPLICATE_TRANSACTION,CREDIT_CARD,1
63.01,41,886,0,52,0,1,1,0,0,6,0.0186,2.38,-0.15,DUPLICATE_TRANSACTION,CREDIT_CARD,1
41.24,43,507,1,10,0,1,1,1,1,7,0.0044,2.38,-0.82,REFUND_NOT_RECEIVED,CREDIT_CARD,1
293.61,37,1091,0,35,0,0,0,0,1,5,0.0059,1.29,-0.56,UNAUTHORIZED_TRANSACTION,DIGITAL_WALLET,1
67.72,7,49,0,2,1,1,0,0,0,6,0.0059,0.97,-0.88,DUPLICATE_TRANSACTION,DEBIT_CARD,1
165.55,28,702,0,58,0,1,1,0,1,6,0.0182,3.68,0.95,GOODS_NOT_RECEIVED,CREDIT_CARD,1
121.94,7,662,0,24,0,1,0,0,1,6,0.0165,0.59,0.55,GOODS_NOT_AS_DESCRIBED,CREDIT_CARD,1
148.6,11,387,1,18,0,1,0,0,1,5,0.0395,0.73,0.98,GOODS_NOT_RECEIVED,CREDIT_CARD,1
156.96,17,167,0,16,3,1,0,0,1,5,0.0057,0.65,1.75,UNAUTHORIZED_TRANSACTION,DIGITAL_WALLET,0
124.79,28,231,0,10,0,1,1,1,1,7,0.0153,4.28,-0.27,UNAUTHORIZED_TRANSACTION,CREDIT_CARD,1
155.59,42,231,0,10,0,1,1,0,1,6,0.0259,1.65,-0.09,DUPLICATE_TRANSACTION,CREDIT_CARD,1
36.3,34,642,0,59,0,0,0,0,1,5,0.0145,2.37,-1.34,GOODS_NOT_RECEIVED,DIGITAL_WALLET,0
87.44,9,1141,0,51,0,1,1,0,1,6,0.006,1.87,-0.8,REFUND_NOT_RECEIVED,DEBIT_CARD,0
85.52,27,878,0,37,0,1,1,0,1,6,0.0395,1.44,-1.15,UNAUTHORIZED_TRANSACTION,CREDIT_CARD,1
68.58,31,421,2,22,2,1,1,0,1,6,0.0259,0.53,0.45,UNAUTHORIZED_TRANSACTION,DIGITAL_WALLET,1
7.75,22,68,0,5,0,1,0,0,0,5,0.0153,0.56,-0.73,GOODS_NOT_AS_DESCRIBED,DIGITAL_WALLET,1
313.57,44,667,0,56,1,1,1,0,1,6,0.0044,2.47,1.83,UNAUTHORIZED_TRANSACTION,DIGITAL_WALLET,0
73.21,24,1186,0,23,0,1,0,0,0,6,0.0239,1.19,0.95,REFUND_NOT_RECEIVED,CREDIT_CARD,0
357.43,10,513,1,39,3,1,0,0,1,6,0.0297,1.13,0.59,UNAUTHORIZED_TRANSACTION,CREDIT_CARD,0
44.31,34,1168,0,35,1,1,0,0,1,5,0.0249,2.14,-1.01,UNAUTHORIZED_TRANSACTION,DEBIT_CARD,1
111.11,10,580,0,53,1,1,1,0,0,6,0.0249,1.15,-0.39,REFUND_NOT_RECEIVED,CREDIT_CARD,1
42.73,21,583,1,54,1,1,1,0,1,6,0.0147,4.62,0.52,REFUND_NOT_RECEIVED,CREDIT_CARD,0
119.91,40,866,1,20,1,1,1,0,0,6,0.0071,0.66,-0.09,GOODS_NOT_RECEIVED,BANK_TRANSFER,1
6.11,19,1162,0,65,1,1,1,0,1,6,0.0249,1.02,2.33,GOODS_NOT_RECEIVED,DEBIT_CARD,1
178.81,21,123,0,4,1,1,1,0,1,6,0.0147,2.91,-0.68,UNAUTHORIZED_TRANSACTION,DEBIT_CARD,1
56.22,29,75,0,3,1,1,0,0,1,6,0.0057,1.25,0.58,REFUND_NOT_RECEIVED,DEBIT_CARD,0
250.14,34,766,2,27,4,1,0,0,1,6,0.0277,0.58,0.87,UNAUTHORIZED_TRANSACTION,CREDIT_CARD,0
96.77,44,104,1,8,1,1,0,0,0,6,0.0153,0.92,-0.15,GOODS_NOT_AS_DESCRIBED,CREDIT_CARD,1
548.71,21,169,2,9,1,1,0,0,1,4,0.0153,0.69,-0.22,GOODS_NOT_RECEIVED,DEBIT_CARD,1
171.84,9,410,0,24,0,1,1,0,1,6,0.0229,1.83,0.04,UNAUTHORIZED_TRANSACTION,CREDIT_CARD,1
48.76,39,992,0,85,0,1,1,0,1,6,0.0186,1.55,0.68,GOODS_NOT_RECEIVED,DEBIT_CARD,1
114.76,15,502,0,49,0,1,1,0,1,6,0.0249,2.16,0.63,GOODS_NOT_RECEIVED,BANK_TRANSFER,1
39.24,32,565,0,36,0,1,0,0,1,5,0.016,1.5,-0.46,GOODS_NOT_RECEIVED,CREDIT_CARD,1
205.86,24,914,0,65,0,1,0,0,1,5,0.0182,5.77,0.8,GOODS_NOT_RECEIVED,BANK_TRANSFER,1
306.07,6,260,0,19,1,1,1,0,1,6,0.0186,0.65,0.01,REFUND_NOT_RECEIVED,CREDIT_CARD,0
228.34,37,627,0,60,0,1,0,0,1,5,0.0044,0.94,0.65,GOODS_NOT_RECEIVED,DIGITAL_WALLET,0
80.7,40,212,0,5,1,1,1,0,1,6,0.006,1.88,1.11,UNAUTHORIZED_TRANSACTION,DIGITAL_WALLET,1
36.37,14,449,0,19,0,1,1,0,1,5,0.0249,0.77,-0.38,GOODS_NOT_RECEIVED,CREDIT_CARD,0
541.92,23,228,0,4,2,1,1,0,1,6,0.0259,2.61,-0.63,GOODS_NOT_AS_DESCRIBED,DIGITAL_WALLET,1
28.21,29,1030,0,81,0,1,0,0,1,5,0.0162,0.55,0.44,GOODS_NOT_AS_DESCRIBED,CREDIT_CARD,1
59.93,31,104,1,8,1,1,0,0,1,6,0.0186,5.42,-0.38,GOODS_NOT_RECEIVED,DIGITAL_WALLET,1
102.31,39,458,0,39,0,1,0,0,1,5,0.0186,1.07,0.76,GOODS_NOT_RECEIVED,DIGITAL_WALLET,0
122.75,27,506,0,32,0,1,1,0,1,6,0.0178,1.5,-0.1,GOODS_NOT_RECEIVED,CREDIT_CARD,1
107.39,38,53,0,2,0,1,0,0,1,6,0.0178,1.14,-0.79,UNAUTHORIZED_TRANSACTION,DEBIT_CARD,0
13.19,12,837,0,81,0,0,0,0,1,5,0.0395,0.77,1.78,GOODS_NOT_RECEIVED,DEBIT_CARD,1
78.78,6,584,0,16,0,1,1,0,1,5,0.0297,2.79,-0.36,GOODS_NOT_RECEIVED,DIGITAL_WALLET,1
129.23,29,32,0,1,1,0,0,0,1,4,0.0249,1.32,1.14,UNAUTHORIZED_TRANSACTION,DEBIT_CARD,0
137.47,13,681,1,20,0,0,0,0,1,5,0.0165,1.82,-0.36,GOODS_NOT_RECEIVED,CREDIT_CARD,1
43.61,29,23,1,1,1,1,1,0,1,6,0.0071,1.01,0.73,UNAUTHORIZED_TRANSACTION,CREDIT_CARD,1
163.46,33,19,1,1,0,1,1,0,1,6,0.0037,1.78,-1.13,GOODS_NOT_RECEIVED,CREDIT_CARD,1
250.3,26,160,0,12,0,0,0,0,1,5,0.016,3.27,-0.3,REFUND_NOT_RECEIVED,CREDIT_CARD,1
96.15,18,412,2,27,2,1,1,1,0,7,0.0153,1.2,0.23,UNAUTHORIZED_TRANSACTION,DEBIT_CARD,0
62.95,15,261,0,20,0,1,0,0,0,4,0.0057,5.39,-0.29,GOODS_NOT_RECEIVED,CREDIT_CARD,1
95.1,17,538,0,52,1,1,1,0,0,5,0.0145,2.06,0.16,GOODS_NOT_RECEIVED,CREDIT_CARD,1
17.27,37,886,0,52,0,1,1,1,1,7,0.0277,0.9,-0.78,UNAUTHORIZED_TRANSACTION,CREDIT_CARD,1
294.34,7,1119,0,48,1,0,0,1,1,4,0.016,1.17,0.76,GOODS_NOT_AS_DESCRIBED,DEBIT_CARD,1
96.69,40,499,1,33,0,0,0,0,0,4,0.0071,0.94,-0.73,UNAUTHORIZED_TRANSACTION,CREDIT_CARD,0
26.62,36,686,0,48,0,0,0,0,1,3,0.0059,0.74,-0.23,GOODS_NOT_RECEIVED,CREDIT_CARD,0
57.04,40,353,0,13,0,1,0,0,0,6,0.0178,2.34,-1.02,UNAUTHORIZED_TRANSACTION,DIGITAL_WALLET,1
263.55,40,412,0,30,0,1,1,0,1,6,0.0065,4.01,-0.91,GOODS_NOT_RECEIVED,DIGITAL_WALLET,1
98.16,39,134,0,8,0,1,1,0,1,6,0.0059,4.27,1.2,UNAUTHORIZED_TRANSACTION,DEBIT_CARD,1
84.71,9,145,1,6,0,0,0,0,0,5,0.0277,0.74,0.7,UNAUTHORIZED_TRANSACTION,DEBIT_CARD,1
196.83,16,1040,0,68,1,1,0,0,1,6,0.0395,1.06,1.45,UNAUTHORIZED_TRANSACTION,DIGITAL_WALLET,1
102.74,23,723,0,39,0,1,1,1,0,7,0.0044,1.03,0.74,GOODS_NOT_AS_DESCRIBED,CREDIT_CARD,1
85.07,44,107,1,1,0,1,1,0,1,6,0.0297,0.67,0.28,DUPLICATE_TRANSACTION,CREDIT_CARD,1
56.21,31,94,0,7,1,1,1,0,1,6,0.0037,2.25,-0.76,GOODS_NOT_AS_DESCRIBED,CREDIT_CARD,1
21.65,39,1041,0,25,0,0,0,0,1,4,0.0056,2.86,-1.87,GOODS_NOT_RECEIVED,DEBIT_CARD,0
174.26,14,713,0,47,0,1,0,0,1,6,0.0037,1.03,-0.41,UNAUTHORIZED_TRANSACTION,CREDIT_CARD,1
100.47,32,284,0,7,0,1,1,0,0,6,0.0037,3.2,0.03,UNAUTHORIZED_TRANSACTION,CREDIT_CARD,0
210.78,37,377,0,18,0,1,1,0,1,6,0.0147,2.24,-1.25,GOODS_NOT_RECEIVED,DEBIT_CARD,1
98.58,40,897,0,17,0,1,1,0,0,6,0.0182,1.39,0.28,GOODS_NOT_AS_DESCRIBED,DEBIT_CARD,1
159.42,39,469,0,25,0,1,1,0,1,6,0.0186,1.96,-0.66,UNAUTHORIZED_TRANSACTION,BANK_TRANSFER,1
28.04,21,696,0,24,0,1,0,0,1,5,0.0227,2.56,0.59,UNAUTHORIZED_TRANSACTION,CREDIT_CARD,1
74.49,15,232,0,20,0,1,1,0,0,6,0.0071,2.27,0.25,GOODS_NOT_RECEIVED,DIGITAL_WALLET,1
314.92,40,662,0,24,0,1,1,0,1,5,0.006,1.61,-0.03,UNAUTHORIZED_TRANSACTION,CREDIT_CARD,0
14.74,41,167,0,16,3,1,0,0,1,4,0.0249,1.7,-0.5,GOODS_NOT_RECEIVED,DEBIT_CARD,0
103.37,22,401,0,9,0,1,0,0,1,5,0.0044,0.71,-0.61,GOODS_NOT_RECEIVED,CREDIT_CARD,1
10.39,35,668,0,64,1,1,1,0,0,6,0.0178,0.97,-0.16,GOODS_NOT_AS_DESCRIBED,DIGITAL_WALLET,0
81.25,39,855,0,72,0,1,1,0,1,6,0.0145,0.54,0.33,GOODS_NOT_RECEIVED,CREDIT_CARD,0
72.4,32,140,0,7,1,1,0,0,1,5,0.0081,2.32,-0.32,UNAUTHORIZED_TRANSACTION,DEBIT_CARD,1
64.42,5,1141,0,51,0,0,0,0,0,5,0.0249,0.75,0.25,GOODS_NOT_RECEIVED,CREDIT_CARD,0
27.02,35,799,2,40,5,0,0,1,0,5,0.006,1.97,-0.19,GOODS_NOT_RECEIVED,CREDIT_CARD,0
17.46,31,653,0,32,0,1,0,0,0,5,0.0182,0.59,-0.2,GOODS_NOT_AS_DESCRIBED,CREDIT_CARD,1
22.94,44,532,0,51,0,1,0,0,1,6,0.016,1.17,1.95,GOODS_NOT_AS_DESCRIBED,DEBIT_CARD,1
25.08,16,76,4,6,6,1,0,0,1,5,0.0071,2.1,0.45,GOODS_NOT_AS_DESCRIBED,DEBIT_CARD,1
46.31,16,377,0,18,0,1,1,0,1,6,0.0071,1.41,-0.03,DUPLICATE_TRANSACTION,DEBIT_CARD,0
30.96,31,399,0,33,1,1,0,0,1,5,0.0044,1.51,-0.45,UNAUTHORIZED_TRANSACTION,DEBIT_CARD,1
31.67,31,686,0,48,0,1,1,1,1,7,0.0158,0.85,0.08,GOODS_NOT_AS_DESCRIBED,BANK_TRANSFER,1
142.48,21,690,0,32,0,1,0,0,1,5,0.0229,4.06,-0.07,GOODS_NOT_RECEIVED,CREDIT_CARD,1
128.17,29,785,0,13,0,1,1,0,0,6,0.0057,1.43,-0.65,GOODS_NOT_RECEIVED,CREDIT_CARD,1
75.93,34,699,1,60,3,1,0,0,1,5,0.0162,0.51,0.62,GOODS_NOT_AS_DESCRIBED,CREDIT_CARD,1
110.23,14,308,0,10,0,1,0,0,0,5,0.0395,0.64,-0.47,GOODS_NOT_RECEIVED,DEBIT_CARD,1
203.07,44,148,0,5,1,0,0,0,1,5,0.006,1.44,1.16,UNAUTHORIZED_TRANSACTION,CREDIT_CARD,1
23.42,19,471,0,31,0,1,1,0,1,6,0.0395,4.24,-0.08,GOODS_NOT_RECEIVED,CREDIT_CARD,1
191.94,23,470,0,31,2,1,1,0,1,6,0.0057,2.52,-1.18,UNAUTHORIZED_TRANSACTION,DEBIT_CARD,1
122.86,8,1096,0,101,0,1,1,0,1,5,0.0186,3.88,-0.99,DUPLICATE_TRANSACTION,CREDIT_CARD,1
57.44,19,220,1,20,1,1,0,0,1,5,0.0182,1.06,-0.29,UNAUTHORIZED_TRANSACTION,DEBIT_CARD,0
22.34,41,149,0,9,0,1,1,0,0,6,0.0145,1.81,1.16,GOODS_NOT_RECEIVED,DEBIT_CARD,0
195.25,19,845,2,60,1,1,1,0,1,6,0.0182,1.12,-0.63,GOODS_NOT_AS_DESCRIBED,DEBIT_CARD,1
40.44,37,222,0,13,1,1,0,0,0,6,0.0158,3.89,0.35,DUPLICATE_TRANSACTION,BANK_TRANSFER,0
57.22,17,530,0,52,0,1,0,0,1,6,0.0227,1.01,-0.03,GOODS_NOT_RECEIVED,CREDIT_CARD,0
122.64,21,911,0,91,1,1,1,0,0,6,0.0297,2.78,-0.13,GOODS_NOT_AS_DESCRIBED,CREDIT_CARD,1
44.27,23,90,0,8,3,0,0,0,0,4,0.0044,1.36,-2.28,UNAUTHORIZED_TRANSACTION,DIGITAL_WALLET,0
24.8,17,595,2,33,2,0,0,0,1,5,0.0182,0.84,0.39,UNAUTHORIZED_TRANSACTION,CREDIT_CARD,0
31.53,10,416,0,13,0,1,1,0,1,6,0.0037,1.23,-0.5,REFUND_NOT_RECEIVED,DIGITAL_WALLET,1
80.46,44,109,0,6,3,1,1,0,1,6,0.0145,1.4,0.44,GOODS_NOT_RECEIVED,CREDIT_CARD,1
189.31,34,917,0,53,0,0,0,0,1,5,0.0186,1.91,0.23,UNAUTHORIZED_TRANSACTION,DEBIT_CARD,0
71.78,40,642,0,59,0,1,0,0,0,5,0.006,4.87,0.8,GOODS_NOT_RECEIVED,DEBIT_CARD,1
19.6,35,845,0,20,1,1,1,0,0,6,0.0145,1.92,-1.32,GOODS_NOT_AS_DESCRIBED,DEBIT_CARD,1
260.23,17,986,0,31,1,1,1,0,0,6,0.016,6.23,-1.03,DUPLICATE_TRANSACTION,CREDIT_CARD,1
9.53,28,1155,0,31,5,1,0,0,1,5,0.0297,1.35,-1.12,GOODS_NOT_RECEIVED,DEBIT_CARD,1
49.34,33,657,0,51,0,1,1,0,0,6,0.0259,5.27,0.78,GOODS_NOT_RECEIVED,DIGITAL_WALLET,1
35.37,6,942,0,32,0,1,1,1,1,7,0.0059,0.75,0.38,REFUND_NOT_RECEIVED,CREDIT_CARD,0
21.78,20,718,0,45,1,1,0,0,1,5,0.0153,1.8,-0.52,REFUND_NOT_RECEIVED,CREDIT_CARD,0
63.57,16,583,1,54,1,1,1,1,1,7,0.0182,4.01,-0.17,REFUND_NOT_RECEIVED,CREDIT_CARD,1
275.18,32,1107,0,60,1,1,0,0,0,6,0.0178,0.86,-0.79,REFUND_NOT_RECEIVED,CREDIT_CARD,1
37.3,30,268,0,10,1,1,1,0,1,6,0.0168,4.74,1.08,UNAUTHORIZED_TRANSACTION,CREDIT_CARD,0
355.22,36,491,0,22,0,1,1,0,1,6,0.0059,0.82,-0.98,REFUND_NOT_RECEIVED,DEBIT_CARD,1
136.9,8,532,0,24,0,0,0,0,1,4,0.0165,1.49,-0.86,DUPLICATE_TRANSACTION,DEBIT_CARD,0
95.51,9,713,0,15,0,1,0,0,1,5,0.0165,0.61,-1.26,GOODS_NOT_RECEIVED,DIGITAL_WALLET,0
157.57,21,914,0,65,0,1,1,0,1,6,0.0178,4.56,0.4,GOODS_NOT_AS_DESCRIBED,DIGITAL_WALLET,1
29.7,24,1096,0,105,0,1,0,0,1,6,0.0249,1.49,0.2,GOODS_NOT_AS_DESCRIBED,CREDIT_CARD,1
18.52,44,565,0,19,1,1,1,1,1,7,0.0162,1.36,0.58,GOODS_NOT_RECEIVED,DIGITAL_WALLET,1
56.59,33,90,0,8,3,1,0,0,1,6,0.0395,1.59,0.29,GOODS_NOT_AS_DESCRIBED,DIGITAL_WALLET,1
80.88,29,1077,0,27,0,0,0,0,1,4,0.0297,1.28,0.06,UNAUTHORIZED_TRANSACTION,CREDIT_CARD,1
132.93,22,836,0,52,1,1,0,0,1,5,0.0182,7.07,-0.81,DUPLICATE_TRANSACTION,DIGITAL_WALLET,1
84.15,26,459,2,11,0,1,0,0,1,5,0.0153,0.97,0.98,GOODS_NOT_AS_DESCRIBED,DIGITAL_WALLET,0
50.38,12,696,0,24,0,0,0,0,0,4,0.0037,1.49,-0.22,REFUND_NOT_RECEIVED,DEBIT_CARD,0
22.24,44,538,0,52,1,1,1,0,0,6,0.0227,1.08,0.06,GOODS_NOT_RECEIVED,DEBIT_CARD,1
31.91,44,998,0,56,1,1,1,0,1,6,0.0182,1.24,-0.14,GOODS_NOT_AS_DESCRIBED,DEBIT_CARD,1
24.05,14,1108,0,104,2,1,1,0,1,6,0.0162,1.64,1.12,GOODS_NOT_RECEIVED,DIGITAL_WALLET,1
70.12,21,705,1,27,0,1,1,0,1,6,0.0071,2.79,1.38,GOODS_NOT_AS_DESCRIBED,DEBIT_CARD,1
10.32,24,1064,0,49,1,1,1,0,1,5,0.0182,0.64,0.89,UNAUTHORIZED_TRANSACTION,DEBIT_CARD,0
131.33,31,602,0,13,0,1,0,0,1,5,0.0153,0.54,0.48,UNAUTHORIZED_TRANSACTION,CREDIT_CARD,0
132.43,6,1137,0,46,1,1,1,0,1,6,0.0182,0.99,1.21,GOODS_NOT_RECEIVED,DEBIT_CARD,1
167.84,33,23,1,1,1,1,0,0,0,6,0.0249,2.75,1.48,UNAUTHORIZED_TRANSACTION,DEBIT_CARD,1
60.78,10,352,2,27,2,1,1,0,1,6,0.0044,0.91,-0.16,UNAUTHORIZED_TRANSACTION,CREDIT_CARD,0
49.56,24,377,0,18,0,1,1,1,1,6,0.0249,8.05,0.25,GOODS_NOT_RECEIVED,DEBIT_CARD,1
49.31,41,539,0,9,0,1,1,0,1,6,0.0158,0.8,-0.12,REFUND_NOT_RECEIVED,DIGITAL_WALLET,1
32.73,23,352,0,12,1,1,1,0,1,6,0.0178,1.72,0.24,GOODS_NOT_AS_DESCRIBED,DEBIT_CARD,1
48.46,15,231,0,10,0,1,0,0,1,4,0.0056,2.44,-0.72,UNAUTHORIZED_TRANSACTION,CREDIT_CARD,1
28.17,22,393,0,29,2,1,1,0,1,6,0.0259,0.96,0.01,DUPLICATE_TRANSACTION,CREDIT_CARD,1
12.84,43,471,0,31,0,1,1,0,1,6,0.0044,1.88,-0.36,GOODS_NOT_RECEIVED,DEBIT_CARD,1
86.01,26,868,0,80,0,1,0,0,1,5,0.006,1.2,0.59,UNAUTHORIZED_TRANSACTION,DIGITAL_WALLET,0
24.59,18,659,0,57,1,1,1,0,1,6,0.0037,4.03,-0.03,DUPLICATE_TRANSACTION,BANK_TRANSFER,1
134.04,10,415,3,39,3,1,1,1,1,7,0.0239,2.14,-0.99,GOODS_NOT_RECEIVED,DEBIT_CARD,1
19.09,25,815,0,47,2,1,1,0,1,6,0.0182,2.85,-0.39,GOODS_NOT_RECEIVED,CREDIT_CARD,1
111.72,12,485,0,11,0,1,0,0,1,6,0.0071,2.18,0.25,GOODS_NOT_RECEIVED,CREDIT_CARD,1
161.32,22,244,0,12,0,1,1,0,0,6,0.0165,4.8,-0.88,REFUND_NOT_RECEIVED,CREDIT_CARD,1
67.91,26,972,0,96,0,1,1,0,1,6,0.0186,9.87,0.45,UNAUTHORIZED_TRANSACTION,CREDIT_CARD,0
9.38,10,379,0,20,1,0,0,0,1,5,0.0153,1.68,-0.13,UNAUTHORIZED_TRANSACTION,CREDIT_CARD,0
186.35,39,238,0,15,0,1,0,0,1,6,0.0165,1.85,0.46,GOODS_NOT_RECEIVED,CREDIT_CARD,1
258.99,39,571,6,48,4,1,0,1,1,7,0.0057,3.59,0.15,UNAUTHORIZED_TRANSACTION,DEBIT_CARD,0
524.72,13,898,0,20,0,1,0,1,1,5,0.016,1.25,1.22,GOODS_NOT_AS_DESCRIBED,CREDIT_CARD,1
8.06,20,1183,1,101,1,1,1,0,0,5,0.0056,2.1,-0.79,DUPLICATE_TRANSACTION,DEBIT_CARD,1
93.19,15,749,0,59,0,1,0,0,1,6,0.0153,2.98,-0.69,GOODS_NOT_RECEIVED,CREDIT_CARD,1
42.79,25,149,0,9,0,1,0,0,0,6,0.0178,0.8,-0.29,GOODS_NOT_RECEIVED,BANK_TRANSFER,1
12.68,27,702,0,58,0,0,0,0,1,5,0.0239,5.27,-0.98,GOODS_NOT_RECEIVED,DIGITAL_WALLET,0
147.55,24,830,0,37,0,1,1,0,1,6,0.0178,3.61,0.63,UNAUTHORIZED_TRANSACTION,CREDIT_CARD,1
85.6,21,110,0,7,0,1,1,0,1,6,0.0249,6.51,0.28,UNAUTHORIZED_TRANSACTION,DEBIT_CARD,1
164.63,35,1041,0,25,0,1,0,0,1,6,0.0239,1.04,0.28,GOODS_NOT_AS_DESCRIBED,CREDIT_CARD,0
439.31,22,1113,0,92,2,1,1,0,1,6,0.0158,2.65,-0.78,DUPLICATE_TRANSACTION,CREDIT_CARD,1
137.77,33,752,0,55,1,0,0,0,0,5,0.0162,4.37,-0.02,UNAUTHORIZED_TRANSACTION,DIGITAL_WALLET,1
65.11,36,1111,0,89,0,1,0,0,1,5,0.006,1.03,-0.29,UNAUTHORIZED_TRANSACTION,DIGITAL_WALLET,1
101.23,12,100,0,9,1,1,1,0,1,6,0.0153,4.37,-0.41,UNAUTHORIZED_TRANSACTION,DEBIT_CARD,0
20.56,13,711,2,55,2,1,0,0,1,5,0.0158,1.18,0.06,DUPLICATE_TRANSACTION,CREDIT_CARD,1
51.91,10,1107,1,23,1,1,1,0,1,6,0.0249,2.21,0.54,UNAUTHORIZED_TRANSACTION,CREDIT_CARD,0
22.58,9,1111,0,89,0,1,0,0,0,5,0.0182,1.25,1.48,GOODS_NOT_AS_DESCRIBED,CREDIT_CARD,1
89.2,17,67,0,3,2,1,0,0,1,5,0.0158,0.83,1.03,GOODS_NOT_AS_DESCRIBED,CREDIT_CARD,0
65.36,29,145,1,6,0,1,0,1,1,6,0.0182,10.84,0.3,REFUND_NOT_RECEIVED,DEBIT_CARD,0
52.12,35,1084,0,94,0,0,0,0,1,5,0.0249,3.43,-0.04,GOODS_NOT_AS_DESCRIBED,CREDIT_CARD,0
97.25,38,335,1,27,3,0,0,0,1,5,0.0249,2.06,-0.83,GOODS_NOT_RECEIVED,CREDIT_CARD,1
14.27,21,1123,0,79,0,1,1,0,1,6,0.0178,0.99,-0.3,DUPLICATE_TRANSACTION,CREDIT_CARD,0
47.74,30,1066,0,55,1,1,0,0,0,6,0.0277,0.74,0.55,UNAUTHORIZED_TRANSACTION,DEBIT_CARD,0
30.01,24,55,0,5,0,1,1,0,1,6,0.0277,0.94,-0.46,DUPLICATE_TRANSACTION,CREDIT_CARD,1
277.86,10,42,0,2,1,1,1,0,1,6,0.0178,1.26,1.35,DUPLICATE_TRANSACTION,DIGITAL_WALLET,1
108.78,36,195,0,12,0,1,0,0,1,5,0.0186,1.39,0.55,GOODS_NOT_AS_DESCRIBED,CREDIT_CARD,1
78.86,37,181,0,5,0,1,0,0,1,6,0.006,1.4,-1.26,GOODS_NOT_AS_DESCRIBED,CREDIT_CARD,1
88.65,24,1144,0,78,1,1,1,1,1,7,0.0153,1.75,0.2,GOODS_NOT_RECEIVED,CREDIT_CARD,0
47.42,15,1113,0,92,2,1,1,0,0,6,0.0153,0.64,0.43,GOODS_NOT_RECEIVED,DEBIT_CARD,1
128.89,14,419,0,17,0,1,0,1,0,7,0.0186,0.78,0.45,UNAUTHORIZED_TRANSACTION,CREDIT_CARD,1
128.81,43,852,0,28,0,0,0,0,1,5,0.0182,3.61,0.36,GOODS_NOT_RECEIVED,DEBIT_CARD,0
118.68,23,627,0,60,0,0,0,0,1,5,0.0044,0.52,-0.41,DUPLICATE_TRANSACTION,CREDIT_CARD,0
63.39,31,820,1,72,1,1,1,1,1,7,0.0168,0.98,0.61,GOODS_NOT_RECEIVED,CREDIT_CARD,1
28.62,44,1101,0,76,0,1,1,0,1,6,0.0239,0.61,-0.05,GOODS_NOT_AS_DESCRIBED,DEBIT_CARD,1
46.78,38,15,0,1,0,1,0,0,0,5,0.0162,1.21,-0.85,GOODS_NOT_AS_DESCRIBED,DIGITAL_WALLET,1
143.83,40,1047,0,94,0,1,0,0,1,6,0.0158,1.55,-1.86,UNAUTHORIZED_TRANSACTION,CREDIT_CARD,1
41.76,24,253,0,12,0,1,0,0,1,6,0.0297,4.08,-0.75,GOODS_NOT_AS_DESCRIBED,DEBIT_CARD,1
17.02,9,244,0,12,0,1,1,0,1,6,0.0145,0.69,0.39,GOODS_NOT_AS_DESCRIBED,CREDIT_CARD,0
385.53,14,667,0,56,1,1,0,0,1,5,0.0059,1.08,-1.1,GOODS_NOT_RECEIVED,CREDIT_CARD,1
57.61,36,394,0,30,1,0,0,0,1,5,0.0229,1.26,0.92,GOODS_NOT_AS_DESCRIBED,CREDIT_CARD,1
16.66,44,1189,0,23,1,0,0,0,1,4,0.0227,3.33,-0.28,UNAUTHORIZED_TRANSACTION,CREDIT_CARD,0
11.45,44,672,0,61,1,1,1,0,1,6,0.0395,3.34,1.02,GOODS_NOT_RECEIVED,DEBIT_CARD,1
81.21,32,456,0,40,1,0,0,0,0,4,0.0037,1.72,0.1,GOODS_NOT_AS_DESCRIBED,DIGITAL_WALLET,1
31.91,33,164,0,8,0,1,1,0,1,6,0.0297,0.82,0.95,UNAUTHORIZED_TRANSACTION,CREDIT_CARD,0
164.72,26,491,0,22,0,0,0,0,1,4,0.0178,2.66,0.0,GOODS_NOT_RECEIVED,CREDIT_CARD,1
320.91,13,631,0,17,1,1,0,0,1,5,0.0178,4.45,1.12,DUPLICATE_TRANSACTION,CREDIT_CARD,0
154.78,6,1074,0,86,2,1,1,0,0,6,0.0071,1.66,-0.51,GOODS_NOT_RECEIVED,CREDIT_CARD,1
50.2,17,696,0,46,0,1,1,0,1,6,0.0229,2.08,0.11,UNAUTHORIZED_TRANSACTION,CREDIT_CARD,1
45.94,39,459,2,11,0,1,1,0,0,6,0.0044,1.53,-0.29,GOODS_NOT_RECEIVED,CREDIT_CARD,0
37.96,31,799,2,40,5,1,0,0,0,5,0.0057,2.87,-1.55,GOODS_NOT_AS_DESCRIBED,CREDIT_CARD,1
360.12,34,987,0,27,0,1,0,0,1,5,0.0081,1.28,1.54,UNAUTHORIZED_TRANSACTION,DEBIT_CARD,1
293.4,33,638,0,26,1,1,0,0,1,5,0.0162,2.15,0.12,UNAUTHORIZED_TRANSACTION,CREDIT_CARD,0
134.69,39,943,1,16,0,1,0,0,1,6,0.0065,2.78,-0.92,GOODS_NOT_RECEIVED,CREDIT_CARD,1
50.56,41,943,0,37,0,1,1,0,0,6,0.0153,0.71,-0.24,UNAUTHORIZED_TRANSACTION,CREDIT_CARD,1
27.14,30,686,0,48,0,1,1,0,1,6,0.0182,0.8,0.47,UNAUTHORIZED_TRANSACTION,CREDIT_CARD,1
13.65,8,57,0,4,0,1,0,0,1,6,0.0249,2.92,1.58,GOODS_NOT_RECEIVED,CREDIT_CARD,1
81.59,39,1041,0,25,0,1,1,0,1,6,0.0056,1.13,0.88,GOODS_NOT_RECEIVED,CREDIT_CARD,1
24.71,14,458,0,39,0,1,0,0,1,6,0.0044,2.13,0.62,DUPLICATE_TRANSACTION,CREDIT_CARD,1
44.33,24,506,0,32,0,1,0,0,1,5,0.0059,3.11,-0.73,UNAUTHORIZED_TRANSACTION,CREDIT_CARD,1
54.04,14,968,0,89,1,1,1,0,1,6,0.0044,2.72,0.73,UNAUTHORIZED_TRANSACTION,CREDIT_CARD,1
103.23,34,355,1,17,2,1,0,0,0,6,0.0147,2.3,-0.43,REFUND_NOT_RECEIVED,CREDIT_CARD,1
102.0,15,680,0,16,0,1,1,0,0,6,0.0182,1.61,0.19,GOODS_NOT_AS_DESCRIBED,DEBIT_CARD,1
182.15,20,261,0,20,0,1,1,0,1,6,0.0178,6.67,-0.99,GOODS_NOT_RECEIVED,BANK_TRANSFER,1
152.89,11,579,0,19,1,1,0,0,1,5,0.0065,1.71,-0.16,DUPLICATE_TRANSACTION,CREDIT_CARD,1
52.82,27,517,0,51,0,1,0,0,1,5,0.0056,8.63,0.57,GOODS_NOT_RECEIVED,CREDIT_CARD,1
35.41,44,900,0,28,0,1,1,0,1,6,0.0297,2.41,0.17,GOODS_NOT_RECEIVED,CREDIT_CARD,1
185.98,5,670,0,50,0,1,1,1,1,7,0.0065,1.11,-0.04,GOODS_NOT_RECEIVED,CREDIT_CARD,1
86.96,11,113,0,9,0,1,1,1,1,7,0.0259,0.98,-0.59,UNAUTHORIZED_TRANSACTION,DEBIT_CARD,1
212.15,8,996,0,51,0,0,0,0,1,5,0.0182,0.67,-0.39,UNAUTHORIZED_TRANSACTION,CREDIT_CARD,1
121.13,6,886,0,52,0,1,1,0,0,6,0.0182,0.89,0.37,GOODS_NOT_AS_DESCRIBED,CREDIT_CARD,1
32.84,21,592,0,45,0,1,1,0,1,6,0.0239,6.39,-0.06,GOODS_NOT_RECEIVED,CREDIT_CARD,1
69.56,44,671,0,49,0,1,1,0,1,6,0.0297,1.14,1.23,GOODS_NOT_RECEIVED,CREDIT_CARD,1
105.78,13,50,1,3,3,1,0,0,0,5,0.0071,1.21,0.1,UNAUTHORIZED_TRANSACTION,CREDIT_CARD,0
102.61,15,595,2,33,2,1,0,0,1,5,0.0057,1.28,0.5,UNAUTHORIZED_TRANSACTION,CREDIT_CARD,0
41.49,23,1138,0,72,0,1,1,0,1,6,0.0297,3.19,-0.49,GOODS_NOT_RECEIVED,CREDIT_CARD,1
32.49,18,747,1,72,5,1,1,0,1,6,0.0249,3.27,0.12,REFUND_NOT_RECEIVED,DEBIT_CARD,1
7.72,19,560,0,38,0,1,1,0,1,6,0.0044,1.15,-0.34,GOODS_NOT_AS_DESCRIBED,DEBIT_CARD,1
110.23,12,264,0,24,0,1,0,0,1,5,0.016,0.69,-1.31,GOODS_NOT_RECEIVED,CREDIT_CARD,1
29.32,37,1144,0,78,1,0,0,0,1,4,0.006,0.66,-0.77,UNAUTHORIZED_TRANSACTION,DEBIT_CARD,1
33.86,6,140,0,9,0,1,1,0,0,6,0.0056,3.13,1.08,GOODS_NOT_RECEIVED,BANK_TRANSFER,1
28.03,6,106,0,6,0,1,0,0,1,6,0.0182,6.18,-0.61,UNAUTHORIZED_TRANSACTION,CREDIT_CARD,0
47.86,24,755,1,60,3,1,0,0,1,6,0.0239,1.71,-0.44,UNAUTHORIZED_TRANSACTION,DEBIT_CARD,1
73.5,27,1096,0,105,0,1,1,1,1,7,0.0229,0.85,0.72,UNAUTHORIZED_TRANSACTION,CREDIT_CARD,0
75.19,22,400,0,23,1,1,0,0,1,6,0.0059,1.57,0.23,UNAUTHORIZED_TRANSACTION,CREDIT_CARD,0
36.75,34,294,0,28,0,1,0,0,1,6,0.0178,1.54,-0.62,UNAUTHORIZED_TRANSACTION,CREDIT_CARD,0
155.31,25,1101,0,76,0,1,0,1,1,6,0.0229,2.52,-0.56,UNAUTHORIZED_TRANSACTION,CREDIT_CARD,0
40.06,40,407,0,13,2,1,1,0,1,6,0.0182,2.08,-0.98,GOODS_NOT_RECEIVED,DEBIT_CARD,1
206.58,7,1101,0,76,0,1,1,0,0,6,0.0182,0.7,-0.35,GOODS_NOT_RECEIVED,CREDIT_CARD,1
242.06,21,642,0,28,0,1,1,0,1,6,0.0162,4.93,-1.28,GOODS_NOT_RECEIVED,CREDIT_CARD,1
38.95,28,897,0,58,1,1,1,0,1,6,0.016,0.84,0.14,UNAUTHORIZED_TRANSACTION,CREDIT_CARD,1
24.81,42,892,0,79,1,1,1,0,1,5,0.0259,2.25,-0.21,REFUND_NOT_RECEIVED,DEBIT_CARD,1
123.78,8,840,0,80,1,1,1,0,0,6,0.0178,2.22,0.23,UNAUTHORIZED_TRANSACTION,DIGITAL_WALLET,1
48.05,13,198,0,13,0,1,1,0,1,6,0.0182,1.11,0.71,GOODS_NOT_RECEIVED,DIGITAL_WALLET,1
104.02,37,263,4,17,4,1,0,0,0,6,0.0182,4.36,0.47,GOODS_NOT_RECEIVED,DEBIT_CARD,1
42.06,38,106,0,6,0,1,1,0,1,6,0.0044,3.77,-0.94,UNAUTHORIZED_TRANSACTION,CREDIT_CARD,1
34.03,36,998,0,67,0,1,1,0,1,6,0.0239,3.44,0.83,REFUND_NOT_RECEIVED,DIGITAL_WALLET,0
17.17,12,638,2,14,4,1,1,0,0,6,0.006,1.06,-1.69,REFUND_NOT_RECEIVED,CREDIT_CARD,1
45.17,19,51,0,1,0,0,0,0,1,5,0.006,2.97,-1.67,GOODS_NOT_RECEIVED,CREDIT_CARD,0
6.67,35,1007,0,57,2,1,0,0,1,5,0.0056,1.08,-0.17,GOODS_NOT_AS_DESCRIBED,CREDIT_CARD,1
111.47,9,711,2,55,2,0,0,0,1,5,0.0168,3.23,1.1,GOODS_NOT_RECEIVED,DIGITAL_WALLET,0
287.18,33,43,0,3,1,1,1,0,1,6,0.0239,4.74,-0.28,GOODS_NOT_AS_DESCRIBED,CREDIT_CARD,1
15.84,18,850,2,36,0,0,0,0,1,5,0.0044,1.13,0.08,DUPLICATE_TRANSACTION,DIGITAL_WALLET,0
119.32,17,55,0,3,1,1,1,0,1,6,0.0057,0.6,-0.71,GOODS_NOT_RECEIVED,DIGITAL_WALLET,1
54.84,30,686,0,59,0,0,0,0,1,4,0.0162,0.99,-0.23,GOODS_NOT_RECEIVED,DEBIT_CARD,0
44.67,24,1141,0,58,1,1,1,0,1,6,0.0165,2.76,0.22,GOODS_NOT_RECEIVED,CREDIT_CARD,0
6.69,35,1144,0,71,0,1,1,0,0,5,0.0162,2.44,-0.29,UNAUTHORIZED_TRANSACTION,DEBIT_CARD,1
55.34,40,781,0,47,0,1,1,0,1,6,0.0057,1.3,0.5,GOODS_NOT_RECEIVED,CREDIT_CARD,1
55.63,31,97,1,3,0,1,1,0,1,6,0.0229,1.34,-0.89,UNAUTHORIZED_TRANSACTION,CREDIT_CARD,0
42.47,41,642,0,59,0,1,0,0,1,6,0.0168,1.26,0.09,UNAUTHORIZED_TRANSACTION,DIGITAL_WALLET,0
148.6,37,1023,0,61,0,1,0,0,1,5,0.0178,1.89,-0.94,GOODS_NOT_RECEIVED,DIGITAL_WALLET,1
125.21,33,670,0,50,0,1,0,0,0,6,0.016,1.92,0.29,UNAUTHORIZED_TRANSACTION,CREDIT_CARD,0
51.44,31,202,0,18,0,1,1,0,0,6,0.0065,2.93,-0.72,REFUND_NOT_RECEIVED,CREDIT_CARD,1
22.97,8,43,0,3,1,1,0,0,0,5,0.0071,4.33,1.05,GOODS_NOT_RECEIVED,CREDIT_CARD,0
181.37,15,788,0,59,1,1,1,0,1,6,0.0153,0.64,-0.13,GOODS_NOT_AS_DESCRIBED,CREDIT_CARD,1
81.41,29,631,0,17,1,1,0,1,1,7,0.0229,0.86,1.16,UNAUTHORIZED_TRANSACTION,BANK_TRANSFER,0
191.6,9,1110,0,88,0,1,1,0,1,6,0.0044,1.94,-0.37,UNAUTHORIZED_TRANSACTION,DEBIT_CARD,0
90.66,6,1151,0,81,0,1,0,0,1,5,0.0081,0.59,0.47,GOODS_NOT_RECEIVED,BANK_TRANSFER,1
106.21,44,970,0,42,0,0,0,0,0,5,0.0259,1.43,-0.09,GOODS_NOT_RECEIVED,DEBIT_CARD,0
301.07,17,714,0,22,0,1,1,0,1,6,0.0162,1.97,-0.61,UNAUTHORIZED_TRANSACTION,CREDIT_CARD,1
130.73,31,852,0,28,0,1,0,0,1,5,0.0165,1.48,1.39,DUPLICATE_TRANSACTION,CREDIT_CARD,1
69.99,43,328,0,31,0,1,1,0,1,6,0.0165,1.49,1.16,REFUND_NOT_RECEIVED,CREDIT_CARD,1
83.15,21,1091,0,35,0,1,0,0,1,5,0.0081,1.35,-0.08,UNAUTHORIZED_TRANSACTION,CREDIT_CARD,1
83.94,35,268,0,12,0,1,1,0,1,5,0.0165,2.04,1.16,UNAUTHORIZED_TRANSACTION,DIGITAL_WALLET,1
49.91,15,62,0,6,0,1,1,0,1,6,0.0081,2.33,-0.17,GOODS_NOT_RECEIVED,CREDIT_CARD,1
8.56,13,743,0,25,0,1,1,0,1,6,0.006,1.06,-0.44,GOODS_NOT_AS_DESCRIBED,CREDIT_CARD,1
10.08,15,1092,0,19,0,1,1,0,1,6,0.0229,4.81,0.98,GOODS_NOT_RECEIVED,CREDIT_CARD,0
335.36,11,881,0,84,1,1,0,0,1,6,0.0056,1.84,0.71,UNAUTHORIZED_TRANSACTION,CREDIT_CARD,1
225.63,41,117,0,11,0,1,0,1,1,6,0.0165,1.81,0.53,GOODS_NOT_RECEIVED,CREDIT_CARD,0
120.39,10,1007,0,57,2,1,0,0,1,6,0.0057,1.05,-0.24,DUPLICATE_TRANSACTION,CREDIT_CARD,1
79.25,34,968,0,89,1,1,0,0,1,6,0.0147,0.98,0.52,GOODS_NOT_RECEIVED,CREDIT_CARD,1
65.63,33,911,0,91,1,1,0,0,0,5,0.0227,0.76,-0.6,GOODS_NOT_AS_DESCRIBED,DIGITAL_WALLET,1
46.48,35,1158,0,29,0,1,1,0,1,6,0.0178,1.0,0.93,UNAUTHORIZED_TRANSACTION,CREDIT_CARD,1
68.83,27,532,0,51,0,1,1,0,1,5,0.0056,1.04,-1.46,GOODS_NOT_RECEIVED,CREDIT_CARD,1
77.97,17,28,0,1,2,1,1,0,1,6,0.0059,1.38,-1.19,GOODS_NOT_RECEIVED,CREDIT_CARD,1
179.41,41,672,0,61,1,1,1,0,0,6,0.0057,3.03,-0.11,GOODS_NOT_AS_DESCRIBED,DEBIT_CARD,1
28.49,16,539,0,9,0,0,0,0,1,5,0.0147,1.2,0.63,UNAUTHORIZED_TRANSACTION,CREDIT_CARD,1
84.56,22,1144,0,94,0,1,0,0,0,6,0.016,0.89,-2.1,UNAUTHORIZED_TRANSACTION,DIGITAL_WALLET,1
49.16,16,152,0,9,1,1,1,0,1,5,0.0153,8.54,-0.3,REFUND_NOT_RECEIVED,CREDIT_CARD,0
175.96,7,589,0,39,0,1,1,0,1,6,0.0165,1.51,1.08,UNAUTHORIZED_TRANSACTION,DEBIT_CARD,0
81.52,40,1004,0,45,0,1,1,0,1,6,0.006,3.71,-1.74,GOODS_NOT_AS_DESCRIBED,CREDIT_CARD,1
56.23,21,970,0,42,0,1,1,0,1,6,0.0178,1.17,-1.09,UNAUTHORIZED_TRANSACTION,BANK_TRANSFER,1
77.02,14,1089,0,62,0,1,1,0,1,5,0.0153,1.01,1.08,UNAUTHORIZED_TRANSACTION,CREDIT_CARD,1
16.18,17,690,0,46,0,1,1,0,1,6,0.0081,2.35,0.8,GOODS_NOT_RECEIVED,DEBIT_CARD,1
54.62,27,973,0,58,1,0,0,0,1,5,0.0259,5.12,-0.45,DUPLICATE_TRANSACTION,DEBIT_CARD,0
56.23,34,548,0,28,0,1,1,1,1,7,0.006,3.75,-0.33,GOODS_NOT_RECEIVED,CREDIT_CARD,1
98.53,32,123,0,4,1,1,1,0,1,6,0.0182,4.62,-0.3,UNAUTHORIZED_TRANSACTION,CREDIT_CARD,0
54.37,27,812,0,43,0,1,1,0,0,6,0.0178,0.58,0.01,GOODS_NOT_AS_DESCRIBED,DIGITAL_WALLET,1
67.42,9,878,0,37,0,1,1,0,1,6,0.0239,1.36,1.24,UNAUTHORIZED_TRANSACTION,CREDIT_CARD,1
16.03,34,909,0,34,0,1,1,0,1,6,0.0178,1.07,-1.39,GOODS_NOT_RECEIVED,CREDIT_CARD,1
31.41,13,127,0,2,0,1,0,0,1,5,0.0182,0.79,-0.06,REFUND_NOT_RECEIVED,DEBIT_CARD,1
33.66,38,452,0,35,2,1,0,0,1,6,0.0227,1.87,-1.76,GOODS_NOT_RECEIVED,DIGITAL_WALLET,1
208.1,30,1030,1,56,6,1,0,0,1,6,0.0147,0.78,0.14,GOODS_NOT_RECEIVED,CREDIT_CARD,0
32.81,21,228,0,4,2,1,0,0,1,5,0.0071,5.29,-1.95,GOODS_NOT_RECEIVED,DEBIT_CARD,1
48.11,38,459,4,26,9,1,1,0,0,6,0.0178,1.68,0.56,UNAUTHORIZED_TRANSACTION,CREDIT_CARD,0
13.58,8,852,0,52,1,1,1,0,1,6,0.0239,1.27,-0.34,REFUND_NOT_RECEIVED,DIGITAL_WALLET,1
25.05,18,206,1,16,1,1,1,0,1,6,0.0162,0.79,1.01,REFUND_NOT_RECEIVED,CREDIT_CARD,0
7.09,6,785,0,19,0,1,0,0,1,6,0.016,2.91,0.34,UNAUTHORIZED_TRANSACTION,CREDIT_CARD,0
125.01,10,1087,0,51,2,0,0,0,1,5,0.006,2.02,0.88,GOODS_NOT_AS_DESCRIBED,DIGITAL_WALLET,0
57.53,13,410,0,16,0,1,0,0,1,6,0.0297,0.71,0.5,GOODS_NOT_AS_DESCRIBED,DEBIT_CARD,1
170.99,28,191,1,10,0,1,0,0,1,4,0.0186,1.1,0.99,GOODS_NOT_AS_DESCRIBED,DEBIT_CARD,1
13.36,18,868,0,52,1,1,1,0,1,6,0.0165,1.33,-0.86,GOODS_NOT_AS_DESCRIBED,DEBIT_CARD,1
71.89,17,1053,1,60,0,1,1,0,0,6,0.0162,0.59,-0.04,GOODS_NOT_RECEIVED,CREDIT_CARD,1
32.35,15,232,0,20,0,0,0,0,1,5,0.0065,2.58,-1.52,GOODS_NOT_RECEIVED,DEBIT_CARD,1
84.58,44,1010,0,17,0,1,0,0,0,6,0.0147,5.64,0.57,GOODS_NOT_RECEIVED,CREDIT_CARD,1
55.28,29,755,1,60,3,1,0,0,1,5,0.0178,4.71,-0.38,GOODS_NOT_RECEIVED,DEBIT_CARD,1
62.77,34,638,2,14,4,0,0,0,1,4,0.0071,0.87,-1.64,REFUND_NOT_RECEIVED,DIGITAL_WALLET,0
19.1,28,240,0,18,1,1,0,0,1,6,0.0277,1.45,0.39,GOODS_NOT_AS_DESCRIBED,CREDIT_CARD,1
59.71,38,642,0,59,0,1,0,0,1,6,0.0153,0.57,-0.62,GOODS_NOT_RECEIVED,CREDIT_CARD,1
178.07,27,191,0,7,0,1,0,0,0,5,0.0145,1.63,0.22,GOODS_NOT_RECEIVED,CREDIT_CARD,1
106.89,23,672,0,61,1,1,1,1,1,7,0.0239,0.75,-1.48,REFUND_NOT_RECEIVED,CREDIT_CARD,0
86.93,5,696,0,46,0,1,1,0,0,6,0.0145,2.38,-0.26,GOODS_NOT_AS_DESCRIBED,CREDIT_CARD,1
33.86,19,810,0,28,2,1,1,0,1,6,0.0297,1.66,-0.14,UNAUTHORIZED_TRANSACTION,CREDIT_CARD,1
67.49,20,1087,0,51,2,1,1,0,1,6,0.0162,0.87,-0.42,GOODS_NOT_RECEIVED,DEBIT_CARD,1
149.13,38,1045,3,75,6,1,1,0,1,6,0.0165,1.06,0.32,GOODS_NOT_RECEIVED,DEBIT_CARD,1
195.38,5,15,0,1,0,1,0,0,1,6,0.0057,2.25,0.38,UNAUTHORIZED_TRANSACTION,CREDIT_CARD,0
75.21,26,245,0,22,0,1,1,0,1,6,0.0081,1.47,0.21,GOODS_NOT_AS_DESCRIBED,DIGITAL_WALLET,1
69.63,6,867,1,53,1,1,0,0,1,5,0.0186,3.04,-0.51,GOODS_NOT_RECEIVED,CREDIT_CARD,1
25.1,17,231,0,7,0,0,0,0,1,5,0.0162,1.74,-0.04,GOODS_NOT_RECEIVED,DIGITAL_WALLET,0
267.12,39,862,0,38,1,1,0,0,1,5,0.0182,0.85,0.02,GOODS_NOT_RECEIVED,BANK_TRANSFER,1
34.85,25,247,0,7,1,1,1,0,1,6,0.0182,2.16,-2.2,UNAUTHORIZED_TRANSACTION,CREDIT_CARD,0
151.74,12,830,0,63,1,1,0,0,1,5,0.0145,2.69,0.72,REFUND_NOT_RECEIVED,CREDIT_CARD,0
15.32,33,523,0,42,1,1,1,1,1,7,0.0186,0.73,-0.34,DUPLICATE_TRANSACTION,CREDIT_CARD,1
192.71,13,406,0,26,1,1,1,0,1,6,0.0158,6.35,0.69,GOODS_NOT_AS_DESCRIBED,BANK_TRANSFER,1
138.03,8,158,0,14,0,1,0,0,1,6,0.0182,0.71,-0.07,GOODS_NOT_AS_DESCRIBED,DIGITAL_WALLET,1
55.1,7,674,0,13,1,1,1,0,1,6,0.0145,2.19,-0.95,GOODS_NOT_RECEIVED,DIGITAL_WALLET,1
339.95,8,923,0,82,1,1,1,0,0,6,0.0165,1.54,-0.31,GOODS_NOT_RECEIVED,CREDIT_CARD,1
117.78,31,1085,0,59,0,1,0,0,1,6,0.0071,1.58,0.37,GOODS_NOT_RECEIVED,CREDIT_CARD,1
59.18,41,808,0,47,0,1,1,0,1,6,0.006,1.3,-0.44,GOODS_NOT_RECEIVED,DEBIT_CARD,1
14.22,34,713,0,47,0,0,0,0,1,4,0.0182,1.26,0.39,REFUND_NOT_RECEIVED,CREDIT_CARD,1
279.68,19,578,0,10,0,1,0,0,0,6,0.0147,1.17,-0.86,REFUND_NOT_RECEIVED,CREDIT_CARD,1
35.47,20,1091,0,103,1,1,0,0,1,5,0.0297,4.01,0.93,GOODS_NOT_RECEIVED,CREDIT_CARD,0
332.22,32,1096,0,107,1,1,1,0,0,6,0.0044,0.99,-0.37,UNAUTHORIZED_TRANSACTION,DEBIT_CARD,1
38.49,16,1074,0,86,2,1,1,0,1,6,0.0071,2.11,0.41,GOODS_NOT_RECEIVED,BANK_TRANSFER,1
130.4,29,487,0,26,1,1,1,0,1,6,0.0182,5.38,-0.46,UNAUTHORIZED_TRANSACTION,DEBIT_CARD,1
73.37,32,778,0,72,0,1,0,0,1,5,0.0297,6.0,-0.74,GOODS_NOT_RECEIVED,DEBIT_CARD,1
46.33,8,362,0,15,0,1,1,0,1,6,0.016,0.81,-0.11,GOODS_NOT_RECEIVED,DIGITAL_WALLET,1
17.4,39,158,0,14,0,1,1,0,1,6,0.0059,1.04,-0.79,GOODS_NOT_AS_DESCRIBED,CREDIT_CARD,1
70.5,43,55,0,3,1,1,0,1,1,7,0.0057,1.71,0.91,REFUND_NOT_RECEIVED,DEBIT_CARD,0
22.81,9,933,0,84,2,1,1,0,1,6,0.0037,2.21,1.26,GOODS_NOT_RECEIVED,CREDIT_CARD,1
18.22,33,639,1,55,0,1,1,0,1,6,0.0044,1.73,-1.51,GOODS_NOT_RECEIVED,DEBIT_CARD,1
362.23,21,260,0,19,1,1,1,0,1,6,0.0056,4.56,1.46,UNAUTHORIZED_TRANSACTION,CREDIT_CARD,0
49.94,35,698,1,46,0,0,0,0,1,4,0.0168,2.3,0.67,GOODS_NOT_AS_DESCRIBED,DEBIT_CARD,0
52.71,16,268,0,10,1,1,0,0,1,6,0.0147,1.03,0.72,GOODS_NOT_RECEIVED,CREDIT_CARD,1
21.37,40,1101,0,76,0,1,1,0,0,6,0.0037,2.27,-0.86,UNAUTHORIZED_TRANSACTION,DEBIT_CARD,1
218.49,35,31,0,1,0,1,1,0,0,6,0.0186,1.48,-0.97,DUPLICATE_TRANSACTION,DEBIT_CARD,0
122.6,15,886,0,52,0,1,1,0,1,6,0.0057,1.5,1.94,GOODS_NOT_RECEIVED,CREDIT_CARD,1
73.24,43,985,2,21,3,1,0,0,1,6,0.0065,6.32,0.98,GOODS_NOT_RECEIVED,DIGITAL_WALLET,0
125.64,34,1071,0,23,1,0,0,0,1,5,0.0145,1.3,-0.03,DUPLICATE_TRANSACTION,DEBIT_CARD,0
176.69,36,1031,0,85,0,1,1,1,1,7,0.0277,1.08,-0.41,GOODS_NOT_AS_DESCRIBED,CREDIT_CARD,1
160.45,12,1066,0,55,1,1,0,0,1,5,0.0249,4.44,1.4,GOODS_NOT_AS_DESCRIBED,DIGITAL_WALLET,0
26.83,14,1171,0,71,0,0,0,0,0,4,0.0056,1.88,0.28,GOODS_NOT_RECEIVED,DIGITAL_WALLET,0
31.61,15,267,1,19,0,1,1,0,1,6,0.0229,1.2,0.25,DUPLICATE_TRANSACTION,DEBIT_CARD,1
80.48,31,449,0,19,0,1,1,0,1,6,0.0071,3.3,-0.42,GOODS_NOT_RECEIVED,CREDIT_CARD,0
76.32,10,175,0,5,2,1,1,1,1,7,0.0037,1.2,-0.61,GOODS_NOT_RECEIVED,DIGITAL_WALLET,1
16.02,10,548,0,28,0,1,0,0,1,5,0.0186,1.51,-0.24,UNAUTHORIZED_TRANSACTION,CREDIT_CARD,1
132.34,43,394,0,22,0,1,1,0,1,6,0.0081,3.18,-0.16,REFUND_NOT_RECEIVED,CREDIT_CARD,0
10.21,34,944,0,57,0,1,0,1,1,7,0.0227,0.66,-0.6,REFUND_NOT_RECEIVED,DIGITAL_WALLET,0
80.48,22,232,0,20,0,1,1,1,0,7,0.0145,1.82,1.16,UNAUTHORIZED_TRANSACTION,DIGITAL_WALLET,1
168.16,43,773,0,73,0,1,1,0,0,6,0.0145,0.65,0.15,REFUND_NOT_RECEIVED,CREDIT_CARD,0
29.46,43,992,0,85,0,1,0,0,1,5,0.0178,1.05,-0.0,UNAUTHORIZED_TRANSACTION,CREDIT_CARD,0
27.45,18,29,0,2,1,1,1,0,0,6,0.0057,1.43,-0.45,GOODS_NOT_RECEIVED,DIGITAL_WALLET,0
83.18,19,418,0,23,2,1,1,0,1,6,0.0162,2.21,-0.01,GOODS_NOT_RECEIVED,CREDIT_CARD,1
209.8,40,1144,0,71,0,1,1,0,1,6,0.0071,6.09,-0.3,GOODS_NOT_RECEIVED,CREDIT_CARD,1
67.41,27,574,0,11,1,1,0,0,1,5,0.0037,1.13,-2.23,GOODS_NOT_AS_DESCRIBED,CREDIT_CARD,1
13.83,40,452,0,10,1,1,0,1,1,6,0.0182,4.36,-0.63,GOODS_NOT_RECEIVED,DEBIT_CARD,1
30.75,29,1189,0,23,1,1,0,0,1,6,0.0037,2.31,-0.09,GOODS_NOT_RECEIVED,DEBIT_CARD,1
22.62,13,905,0,79,0,1,1,0,1,6,0.006,1.07,0.82,UNAUTHORIZED_TRANSACTION,DIGITAL_WALLET,0
11.28,41,187,0,3,0,1,1,0,1,6,0.0249,4.58,-0.99,GOODS_NOT_RECEIVED,CREDIT_CARD,1
90.3,28,1162,0,65,1,1,1,0,1,6,0.016,0.88,-0.41,UNAUTHORIZED_TRANSACTION,CREDIT_CARD,0
55.96,23,850,2,36,0,1,0,0,1,6,0.0056,3.98,0.58,GOODS_NOT_RECEIVED,CREDIT_CARD,1
476.61,40,781,0,61,1,1,0,0,1,6,0.0162,0.72,-1.37,UNAUTHORIZED_TRANSACTION,CREDIT_CARD,1
37.16,38,527,0,37,1,1,1,1,1,6,0.0056,2.07,1.06,DUPLICATE_TRANSACTION,DEBIT_CARD,1
133.18,15,328,0,31,0,1,0,0,0,6,0.0168,1.25,-0.74,DUPLICATE_TRANSACTION,CREDIT_CARD,1
29.19,39,838,0,40,1,1,1,0,1,6,0.0182,1.28,0.14,GOODS_NOT_RECEIVED,CREDIT_CARD,1
72.73,32,809,0,62,0,1,1,0,1,6,0.0186,13.25,-0.62,UNAUTHORIZED_TRANSACTION,CREDIT_CARD,1
116.41,35,1075,1,73,2,1,1,0,1,6,0.0168,2.14,0.93,GOODS_NOT_RECEIVED,CREDIT_CARD,1
44.71,40,1181,0,95,0,1,1,0,1,6,0.0158,1.16,0.23,GOODS_NOT_RECEIVED,DEBIT_CARD,1
79.05,37,245,0,22,0,0,0,0,1,5,0.0297,3.84,0.35,UNAUTHORIZED_TRANSACTION,CREDIT_CARD,1
42.96,19,1116,1,48,2,0,0,0,1,3,0.0229,1.26,-0.07,UNAUTHORIZED_TRANSACTION,BANK_TRANSFER,0
14.25,6,514,0,15,0,1,1,0,1,6,0.0165,0.72,-0.64,GOODS_NOT_RECEIVED,DIGITAL_WALLET,1
364.32,43,970,4,73,5,1,1,0,1,6,0.0057,1.43,0.66,GOODS_NOT_RECEIVED,CREDIT_CARD,1
11.76,31,110,0,7,0,1,0,0,1,5,0.0178,0.6,-1.36,GOODS_NOT_RECEIVED,CREDIT_CARD,0
66.73,20,1155,0,31,5,1,1,0,1,6,0.006,3.12,1.07,GOODS_NOT_RECEIVED,CREDIT_CARD,0
142.14,7,686,0,48,0,1,0,0,1,6,0.0065,4.17,-0.33,GOODS_NOT_RECEIVED,DIGITAL_WALLET,0
50.16,31,746,0,60,1,1,1,0,1,6,0.0162,1.72,-0.34,GOODS_NOT_AS_DESCRIBED,DEBIT_CARD,1
18.91,36,458,0,39,0,1,1,0,1,6,0.0249,4.88,0.4,GOODS_NOT_RECEIVED,CREDIT_CARD,1
51.37,39,402,0,24,0,1,1,0,1,6,0.0071,1.03,1.14,GOODS_NOT_RECEIVED,DIGITAL_WALLET,1
215.83,28,704,0,13,0,0,0,0,0,4,0.0249,3.15,0.55,GOODS_NOT_RECEIVED,CREDIT_CARD,1
29.21,11,175,0,5,2,1,1,0,1,6,0.0037,2.61,0.39,GOODS_NOT_AS_DESCRIBED,CREDIT_CARD,1
49.28,44,1035,0,56,0,0,0,0,1,5,0.0277,1.53,0.82,UNAUTHORIZED_TRANSACTION,DIGITAL_WALLET,0
90.4,23,584,0,43,0,1,0,0,1,6,0.0277,4.54,1.46,GOODS_NOT_RECEIVED,CREDIT_CARD,1
32.71,9,754,0,18,0,1,0,0,1,6,0.0178,1.96,-1.28,UNAUTHORIZED_TRANSACTION,CREDIT_CARD,0
6.03,43,1157,0,89,0,1,0,0,1,4,0.0297,2.18,-0.82,GOODS_NOT_AS_DESCRIBED,CREDIT_CARD,1
94.7,12,374,2,33,2,1,1,0,1,6,0.0277,1.86,0.22,GOODS_NOT_RECEIVED,BANK_TRANSFER,1
114.69,29,24,0,2,1,1,1,0,1,6,0.0182,1.96,-0.23,UNAUTHORIZED_TRANSACTION,CREDIT_CARD,0
44.82,26,638,2,14,4,1,0,0,1,5,0.0147,3.39,-0.28,GOODS_NOT_RECEIVED,DIGITAL_WALLET,0
15.18,6,615,0,34,0,1,1,1,1,7,0.0239,1.99,0.02,DUPLICATE_TRANSACTION,DEBIT_CARD,1
18.18,44,205,0,16,0,1,0,0,1,5,0.0186,2.53,0.03,GOODS_NOT_RECEIVED,DIGITAL_WALLET,1
244.71,14,294,0,24,1,0,0,0,1,3,0.0037,3.85,0.45,GOODS_NOT_RECEIVED,DEBIT_CARD,0
29.88,22,267,1,19,0,1,1,0,1,6,0.0178,2.17,0.03,UNAUTHORIZED_TRANSACTION,DIGITAL_WALLET,1
76.18,29,16,0,1,0,1,1,1,1,6,0.0168,1.64,0.19,UNAUTHORIZED_TRANSACTION,CREDIT_CARD,1
111.79,20,234,0,21,0,1,1,0,1,5,0.0165,0.99,0.53,UNAUTHORIZED_TRANSACTION,CREDIT_CARD,1
53.91,19,935,0,36,0,1,1,0,1,6,0.0153,3.29,1.45,REFUND_NOT_RECEIVED,CREDIT_CARD,1
22.15,11,284,0,7,0,1,1,0,0,6,0.0249,2.07,-0.28,GOODS_NOT_RECEIVED,DEBIT_CARD,1
148.72,16,914,0,48,0,0,0,0,1,5,0.0057,1.41,-0.2,REFUND_NOT_RECEIVED,CREDIT_CARD,0
33.37,36,655,3,64,2,0,0,1,1,6,0.0182,0.68,-0.45,GOODS_NOT_AS_DESCRIBED,DEBIT_CARD,1
68.9,7,31,0,1,0,1,0,0,1,5,0.0162,2.14,-1.47,DUPLICATE_TRANSACTION,CREDIT_CARD,0
150.87,5,42,4,2,5,1,0,0,1,6,0.0178,0.98,-0.09,GOODS_NOT_RECEIVED,BANK_TRANSFER,0
24.27,27,1103,0,98,2,1,1,0,1,5,0.0178,2.88,1.36,GOODS_NOT_RECEIVED,CREDIT_CARD,1
86.03,39,986,0,69,0,1,0,1,1,6,0.0071,2.42,0.09,UNAUTHORIZED_TRANSACTION,CREDIT_CARD,0
293.57,5,551,8,29,0,1,0,0,1,6,0.0165,1.2,0.26,GOODS_NOT_RECEIVED,CREDIT_CARD,0
73.57,24,250,0,14,0,1,1,0,1,6,0.0145,3.41,1.61,GOODS_NOT_RECEIVED,CREDIT_CARD,1
336.42,20,459,2,11,0,1,1,0,1,6,0.0065,1.81,0.31,GOODS_NOT_RECEIVED,DEBIT_CARD,1
53.58,41,49,2,2,6,1,0,0,1,5,0.0165,4.46,-0.47,GOODS_NOT_RECEIVED,CREDIT_CARD,1
136.1,39,990,0,18,0,1,0,0,0,5,0.0395,1.29,-0.01,GOODS_NOT_RECEIVED,BANK_TRANSFER,1
67.17,41,168,3,16,1,1,0,0,1,6,0.0277,3.1,-0.78,REFUND_NOT_RECEIVED,CREDIT_CARD,1
70.11,5,791,0,60,0,0,0,0,1,4,0.0044,2.46,-1.09,UNAUTHORIZED_TRANSACTION,DEBIT_CARD,0
59.15,38,816,0,60,1,1,0,0,1,5,0.0186,0.76,0.37,UNAUTHORIZED_TRANSACTION,CREDIT_CARD,1
70.29,25,360,0,11,1,0,0,1,1,6,0.0145,1.45,-1.54,GOODS_NOT_AS_DESCRIBED,DIGITAL_WALLET,1
90.59,30,895,0,44,1,1,0,0,1,6,0.006,2.4,1.06,UNAUTHORIZED_TRANSACTION,DIGITAL_WALLET,0
35.21,18,855,0,72,0,1,1,0,1,6,0.0153,1.42,-2.3,UNAUTHORIZED_TRANSACTION,CREDIT_CARD,1
28.35,22,538,0,52,1,1,1,0,1,6,0.0182,2.87,-0.83,GOODS_NOT_RECEIVED,CREDIT_CARD,1
16.57,28,160,0,12,0,1,0,0,1,6,0.0081,2.09,0.74,REFUND_NOT_RECEIVED,CREDIT_CARD,0
13.13,39,875,1,23,2,1,1,0,1,6,0.0057,5.2,-0.91,UNAUTHORIZED_TRANSACTION,CREDIT_CARD,0
36.0,5,109,0,6,3,1,1,0,1,6,0.006,1.05,-0.02,UNAUTHORIZED_TRANSACTION,DEBIT_CARD,1
45.6,20,36,1,1,0,1,1,0,1,6,0.0071,1.87,1.29,UNAUTHORIZED_TRANSACTION,CREDIT_CARD,1
47.23,43,869,3,23,1,1,1,1,0,7,0.0229,1.76,-0.76,GOODS_NOT_AS_DESCRIBED,CREDIT_CARD,0
106.89,42,974,0,68,0,1,1,0,0,6,0.0081,1.89,-0.4,GOODS_NOT_RECEIVED,CREDIT_CARD,1
44.91,25,415,3,39,3,1,1,0,0,6,0.0153,3.44,-0.18,UNAUTHORIZED_TRANSACTION,BANK_TRANSFER,1
787.03,28,744,2,54,2,1,1,0,1,6,0.0395,0.71,-0.1,GOODS_NOT_RECEIVED,DEBIT_CARD,1
45.24,30,1114,4,36,2,1,1,0,1,6,0.0259,1.04,1.38,GOODS_NOT_RECEIVED,CREDIT_CARD,1
54.11,43,461,0,42,0,1,0,0,0,5,0.0178,1.38,-0.1,UNAUTHORIZED_TRANSACTION,CREDIT_CARD,1
353.13,22,986,0,69,0,1,1,0,1,6,0.0395,1.68,0.45,UNAUTHORIZED_TRANSACTION,DEBIT_CARD,1
179.15,28,677,1,18,1,1,1,0,1,6,0.0158,0.78,0.49,GOODS_NOT_AS_DESCRIBED,DEBIT_CARD,1
11.24,32,364,0,24,0,0,0,0,1,4,0.016,2.32,-0.47,REFUND_NOT_RECEIVED,DEBIT_CARD,1
61.72,24,61,0,1,1,1,0,0,1,6,0.006,1.21,-0.26,DUPLICATE_TRANSACTION,DEBIT_CARD,1
20.84,43,1023,0,36,0,1,1,0,1,6,0.0056,1.97,-1.96,UNAUTHORIZED_TRANSACTION,DIGITAL_WALLET,0
24.36,21,1198,1,79,0,1,1,0,1,6,0.0178,0.91,-0.55,GOODS_NOT_RECEIVED,CREDIT_CARD,1
20.93,25,113,0,9,0,1,0,0,1,6,0.0056,1.0,-0.95,UNAUTHORIZED_TRANSACTION,CREDIT_CARD,0
80.61,22,750,0,65,2,0,0,1,1,5,0.0165,8.07,0.15,GOODS_NOT_RECEIVED,CREDIT_CARD,0
67.38,6,948,0,80,0,0,0,0,1,4,0.0147,0.65,0.1,REFUND_NOT_RECEIVED,BANK_TRANSFER,0
68.45,41,816,0,60,1,1,0,0,1,6,0.0168,1.53,1.48,REFUND_NOT_RECEIVED,DEBIT_CARD,1
5.0,40,316,0,8,0,1,1,0,1,6,0.0056,2.05,0.11,REFUND_NOT_RECEIVED,DIGITAL_WALLET,1
74.78,21,702,0,58,0,1,0,0,0,6,0.0182,1.47,1.2,UNAUTHORIZED_TRANSACTION,CREDIT_CARD,1
55.05,10,826,0,36,0,1,0,0,1,5,0.0147,3.79,0.77,UNAUTHORIZED_TRANSACTION,CREDIT_CARD,0
115.34,39,374,2,33,2,1,1,0,1,6,0.0145,5.73,0.06,GOODS_NOT_AS_DESCRIBED,DEBIT_CARD,0
25.12,44,23,1,1,1,0,0,0,1,4,0.0071,2.82,0.71,GOODS_NOT_RECEIVED,DEBIT_CARD,0
51.25,38,432,0,11,0,0,0,0,1,5,0.0037,0.71,0.95,DUPLICATE_TRANSACTION,CREDIT_CARD,1
50.42,26,1198,0,57,1,1,1,0,0,6,0.0178,2.43,-0.93,GOODS_NOT_RECEIVED,CREDIT_CARD,1
50.21,41,862,0,38,1,1,1,0,1,6,0.0158,2.08,-0.98,GOODS_NOT_AS_DESCRIBED,DIGITAL_WALLET,1
41.76,36,867,0,20,0,1,1,0,0,6,0.0227,2.26,0.23,DUPLICATE_TRANSACTION,CREDIT_CARD,1
63.54,14,943,1,16,0,1,1,0,1,6,0.0065,2.96,-2.43,GOODS_NOT_RECEIVED,BANK_TRANSFER,0
282.05,10,717,0,44,1,1,0,0,1,6,0.0081,4.99,0.85,UNAUTHORIZED_TRANSACTION,CREDIT_CARD,1
264.66,17,50,1,3,3,0,0,0,1,4,0.0182,0.75,1.21,DUPLICATE_TRANSACTION,DEBIT_CARD,1
65.51,10,121,0,10,0,1,1,0,0,6,0.0162,1.89,0.77,REFUND_NOT_RECEIVED,CREDIT_CARD,1
69.3,40,926,0,52,0,1,1,0,1,6,0.0145,1.59,-1.4,GOODS_NOT_AS_DESCRIBED,CREDIT_CARD,1
17.27,37,731,0,40,0,1,0,1,1,6,0.0182,2.31,1.08,REFUND_NOT_RECEIVED,BANK_TRANSFER,0
129.95,6,57,0,4,0,1,1,0,0,6,0.0044,2.16,0.08,REFUND_NOT_RECEIVED,DEBIT_CARD,1
31.91,20,268,0,12,0,1,1,1,1,6,0.0395,0.7,1.66,REFUND_NOT_RECEIVED,CREDIT_CARD,1
176.4,44,868,0,52,1,1,1,0,1,6,0.016,4.5,-0.21,UNAUTHORIZED_TRANSACTION,DIGITAL_WALLET,1
82.67,29,723,2,66,0,1,0,0,0,5,0.0249,2.48,0.37,GOODS_NOT_RECEIVED,CREDIT_CARD,0
75.69,24,1041,0,25,0,1,1,0,1,6,0.006,1.43,-0.46,UNAUTHORIZED_TRANSACTION,CREDIT_CARD,1
121.22,31,848,0,73,0,1,1,0,1,6,0.0071,6.21,0.96,GOODS_NOT_RECEIVED,CREDIT_CARD,1
40.03,19,1064,0,49,1,1,0,0,1,5,0.0277,1.21,-0.39,UNAUTHORIZED_TRANSACTION,DIGITAL_WALLET,1
134.98,44,986,0,69,0,1,1,1,1,7,0.0059,1.17,0.24,UNAUTHORIZED_TRANSACTION,DEBIT_CARD,1
67.65,14,873,0,83,0,1,1,0,0,6,0.0162,2.02,0.13,GOODS_NOT_AS_DESCRIBED,CREDIT_CARD,1
74.82,42,1064,0,49,1,1,1,0,1,5,0.0158,2.98,0.29,GOODS_NOT_RECEIVED,CREDIT_CARD,1
8.86,31,97,1,3,0,1,1,0,1,6,0.0182,1.04,-2.54,UNAUTHORIZED_TRANSACTION,CREDIT_CARD,1
63.68,21,754,0,18,0,1,0,0,1,5,0.0395,0.8,-0.4,DUPLICATE_TRANSACTION,CREDIT_CARD,1
194.57,26,352,2,27,2,1,1,0,1,6,0.0297,5.72,-0.5,UNAUTHORIZED_TRANSACTION,CREDIT_CARD,1
40.22,43,264,0,24,0,0,0,0,0,4,0.0239,1.39,-1.22,UNAUTHORIZED_TRANSACTION,CREDIT_CARD,1
92.85,18,971,0,63,0,1,1,0,1,6,0.0081,1.76,0.49,GOODS_NOT_AS_DESCRIBED,DEBIT_CARD,1
49.12,32,1168,0,35,1,1,1,0,0,6,0.0168,1.17,-0.49,GOODS_NOT_RECEIVED,BANK_TRANSFER,1
43.13,12,516,1,45,2,1,0,0,1,6,0.0081,3.0,-0.84,GOODS_NOT_RECEIVED,DIGITAL_WALLET,1
69.97,12,893,3,45,4,1,1,0,0,6,0.0081,1.87,-0.56,GOODS_NOT_AS_DESCRIBED,DEBIT_CARD,1
60.82,33,728,0,70,1,0,0,0,0,4,0.0259,0.76,0.93,GOODS_NOT_RECEIVED,CREDIT_CARD,1
83.31,5,165,0,10,0,1,1,0,1,6,0.0227,1.68,-0.95,UNAUTHORIZED_TRANSACTION,CREDIT_CARD,1
28.39,13,168,0,4,0,1,1,0,1,5,0.016,1.23,1.0,REFUND_NOT_RECEIVED,CREDIT_CARD,1
41.94,12,1154,0,68,4,1,0,0,1,6,0.006,0.68,-1.08,UNAUTHORIZED_TRANSACTION,DEBIT_CARD,1
64.84,8,995,0,49,2,0,0,0,1,5,0.006,1.89,-1.38,REFUND_NOT_RECEIVED,CREDIT_CARD,0
103.12,25,670,0,50,0,1,1,1,1,7,0.016,2.76,-0.12,GOODS_NOT_RECEIVED,CREDIT_CARD,1
61.18,9,250,0,14,0,0,0,0,0,5,0.0071,0.77,-0.93,GOODS_NOT_RECEIVED,CREDIT_CARD,0
42.96,42,418,0,23,2,1,1,0,0,4,0.0239,1.33,-1.16,GOODS_NOT_AS_DESCRIBED,CREDIT_CARD,1
286.85,27,968,0,89,1,1,1,0,1,6,0.0178,0.6,-0.26,GOODS_NOT_RECEIVED,CREDIT_CARD,1
55.27,27,231,0,7,0,0,0,1,1,6,0.0277,3.96,-0.33,UNAUTHORIZED_TRANSACTION,DIGITAL_WALLET,0
162.05,6,525,1,9,1,1,1,0,1,6,0.0057,0.51,0.75,DUPLICATE_TRANSACTION,CREDIT_CARD,1
50.98,7,914,0,71,0,1,1,0,0,5,0.0182,0.69,-0.19,GOODS_NOT_AS_DESCRIBED,CREDIT_CARD,1
22.66,15,647,0,43,1,1,1,0,0,6,0.0165,0.65,0.93,GOODS_NOT_RECEIVED,DEBIT_CARD,1
219.47,32,90,0,8,3,1,0,0,1,5,0.0395,2.41,1.04,GOODS_NOT_RECEIVED,DIGITAL_WALLET,1
54.86,7,728,0,46,1,1,1,0,1,6,0.0229,0.85,0.36,UNAUTHORIZED_TRANSACTION,CREDIT_CARD,0
111.65,13,1181,0,95,0,1,1,0,1,6,0.0065,1.11,-0.77,GOODS_NOT_AS_DESCRIBED,CREDIT_CARD,1
35.83,36,723,2,66,0,0,0,0,0,5,0.0182,0.65,-0.27,GOODS_NOT_RECEIVED,DEBIT_CARD,0
50.89,14,231,0,4,0,1,1,0,1,6,0.016,2.21,0.43,UNAUTHORIZED_TRANSACTION,CREDIT_CARD,1
67.32,16,165,0,10,0,1,1,0,1,6,0.0037,3.15,-0.1,GOODS_NOT_RECEIVED,CREDIT_CARD,1
57.22,24,1027,0,71,0,1,0,0,1,6,0.0259,1.6,0.54,UNAUTHORIZED_TRANSACTION,DEBIT_CARD,1
41.67,16,1011,1,52,0,1,1,0,1,5,0.0297,2.31,-0.72,GOODS_NOT_RECEIVED,CREDIT_CARD,1
30.49,13,1018,0,46,2,1,1,0,1,6,0.0147,3.04,0.43,GOODS_NOT_RECEIVED,DIGITAL_WALLET,0
224.14,29,871,0,20,1,1,1,0,1,6,0.0395,2.69,-0.15,GOODS_NOT_RECEIVED,DEBIT_CARD,1
19.49,15,551,8,29,0,1,0,0,1,6,0.0071,0.93,0.9,GOODS_NOT_AS_DESCRIBED,CREDIT_CARD,1
26.24,13,906,2,72,6,1,1,0,0,6,0.0178,0.95,1.28,GOODS_NOT_RECEIVED,DEBIT_CARD,1
102.41,17,1144,0,71,0,1,0,0,1,5,0.0162,1.72,-1.6,UNAUTHORIZED_TRANSACTION,DEBIT_CARD,1
71.78,17,691,0,25,0,1,1,0,1,6,0.0056,0.98,-0.32,UNAUTHORIZED_TRANSACTION,DEBIT_CARD,0
120.96,11,282,5,18,2,1,1,0,1,6,0.0395,0.56,0.51,GOODS_NOT_AS_DESCRIBED,CREDIT_CARD,1
38.61,16,791,0,60,0,1,1,0,1,6,0.0153,0.93,-1.38,GOODS_NOT_RECEIVED,CREDIT_CARD,1
123.23,27,1110,0,88,0,1,1,0,0,6,0.0239,1.09,0.91,REFUND_NOT_RECEIVED,DEBIT_CARD,1
66.5,31,1124,0,93,1,1,0,0,1,5,0.0145,0.59,1.0,GOODS_NOT_RECEIVED,CREDIT_CARD,1
20.1,32,452,0,10,1,1,1,0,1,6,0.0178,0.84,-0.43,UNAUTHORIZED_TRANSACTION,BANK_TRANSFER,0
56.9,35,26,0,1,0,0,0,0,0,5,0.0297,0.87,-0.86,UNAUTHORIZED_TRANSACTION,DIGITAL_WALLET,0
35.53,38,1116,0,86,1,1,0,0,1,5,0.0297,1.0,0.32,UNAUTHORIZED_TRANSACTION,DIGITAL_WALLET,0
140.28,16,474,0,46,0,0,0,0,1,4,0.0178,0.55,-1.06,DUPLICATE_TRANSACTION,CREDIT_CARD,1
36.43,8,713,0,47,0,1,1,0,0,6,0.0178,0.56,-1.18,GOODS_NOT_RECEIVED,CREDIT_CARD,1
48.96,24,1087,0,51,2,1,1,0,1,6,0.0178,1.45,-1.22,UNAUTHORIZED_TRANSACTION,CREDIT_CARD,1
79.83,40,1011,4,68,2,1,1,0,1,6,0.0229,8.76,0.32,UNAUTHORIZED_TRANSACTION,CREDIT_CARD,0
289.97,7,104,1,8,1,0,0,0,1,5,0.0165,1.83,-0.88,UNAUTHORIZED_TRANSACTION,CREDIT_CARD,0
19.81,33,1023,0,61,0,1,1,0,0,6,0.006,0.52,-0.59,GOODS_NOT_RECEIVED,DEBIT_CARD,0
64.35,10,752,0,55,1,1,1,0,1,6,0.0239,0.83,-0.76,GOODS_NOT_RECEIVED,DIGITAL_WALLET,1
56.07,9,175,0,5,2,0,0,0,1,5,0.0147,3.74,-0.53,UNAUTHORIZED_TRANSACTION,DIGITAL_WALLET,0
167.93,39,971,0,63,0,0,0,0,1,4,0.0059,0.77,0.92,GOODS_NOT_RECEIVED,DEBIT_CARD,0
168.49,16,699,1,60,3,1,0,0,1,5,0.006,1.17,1.29,GOODS_NOT_AS_DESCRIBED,CREDIT_CARD,1
27.07,42,1023,0,36,0,1,1,0,1,6,0.0071,1.93,0.27,UNAUTHORIZED_TRANSACTION,DIGITAL_WALLET,1
121.53,24,744,0,64,0,1,0,0,1,5,0.0044,2.1,0.36,UNAUTHORIZED_TRANSACTION,CREDIT_CARD,1
244.09,29,809,0,19,0,1,1,0,1,6,0.0044,1.54,0.38,GOODS_NOT_RECEIVED,DEBIT_CARD,1
164.24,36,352,0,17,0,1,0,0,0,6,0.0071,1.04,-0.02,GOODS_NOT_RECEIVED,CREDIT_CARD,1
248.69,7,355,1,17,2,1,1,0,1,5,0.0081,2.15,0.88,GOODS_NOT_RECEIVED,DIGITAL_WALLET,1
25.18,5,1187,0,94,1,1,0,1,1,7,0.0165,1.28,1.35,GOODS_NOT_AS_DESCRIBED,DIGITAL_WALLET,0
49.26,5,812,0,70,0,1,1,0,1,6,0.0162,1.51,-0.89,UNAUTHORIZED_TRANSACTION,CREDIT_CARD,0
25.16,6,703,0,20,0,1,1,1,1,7,0.0044,1.81,0.09,GOODS_NOT_RECEIVED,DIGITAL_WALLET,1
309.59,17,195,0,12,0,1,0,0,1,4,0.0162,0.74,-0.3,DUPLICATE_TRANSACTION,BANK_TRANSFER,1
27.48,22,1079,0,88,1,1,1,0,1,6,0.0186,0.82,0.54,GOODS_NOT_RECEIVED,CREDIT_CARD,1
18.52,25,578,0,27,0,1,1,0,1,6,0.0182,1.4,-0.11,GOODS_NOT_RECEIVED,DEBIT_CARD,1
88.59,6,83,0,1,1,1,1,0,1,5,0.0145,2.09,0.65,GOODS_NOT_AS_DESCRIBED,CREDIT_CARD,1
47.6,28,1036,1,49,2,1,1,0,0,6,0.0186,3.85,1.32,GOODS_NOT_RECEIVED,CREDIT_CARD,1
74.88,10,778,1,74,0,0,0,0,1,4,0.0249,0.77,-1.08,GOODS_NOT_RECEIVED,CREDIT_CARD,0
537.02,7,731,0,40,0,1,1,0,1,6,0.0145,1.54,-0.14,UNAUTHORIZED_TRANSACTION,CREDIT_CARD,0
37.71,18,1011,1,52,0,1,1,0,1,6,0.0145,0.73,-0.04,DUPLICATE_TRANSACTION,DEBIT_CARD,1
106.65,35,1074,0,86,2,1,1,0,1,6,0.0044,2.47,-0.3,GOODS_NOT_RECEIVED,DEBIT_CARD,1
31.31,34,1124,0,93,1,1,1,0,1,6,0.0145,1.23,-0.83,GOODS_NOT_RECEIVED,CREDIT_CARD,1
5.0,13,1066,0,55,1,1,1,0,0,6,0.006,2.09,0.02,REFUND_NOT_RECEIVED,BANK_TRANSFER,0
114.5,5,1089,0,62,0,1,0,0,0,6,0.006,2.04,-0.25,UNAUTHORIZED_TRANSACTION,DEBIT_CARD,0
131.44,42,412,2,27,2,0,0,0,0,5,0.0044,1.6,1.24,GOODS_NOT_RECEIVED,DIGITAL_WALLET,0
143.67,33,836,0,52,1,1,1,0,1,6,0.0145,1.17,0.25,GOODS_NOT_RECEIVED,DEBIT_CARD,1
45.77,29,410,0,16,0,1,1,0,0,6,0.006,1.63,0.73,UNAUTHORIZED_TRANSACTION,CREDIT_CARD,1
29.61,43,90,0,8,3,1,1,0,0,6,0.0147,2.3,0.33,GOODS_NOT_RECEIVED,DEBIT_CARD,1
40.76,24,221,1,16,0,0,0,0,1,5,0.0259,0.9,-1.16,GOODS_NOT_AS_DESCRIBED,CREDIT_CARD,1
94.58,16,917,0,53,0,1,1,0,1,6,0.0147,1.92,0.85,UNAUTHORIZED_TRANSACTION,CREDIT_CARD,1
123.55,38,749,0,59,0,1,1,0,0,6,0.006,1.61,-0.53,GOODS_NOT_AS_DESCRIBED,CREDIT_CARD,1
17.96,26,1096,0,105,0,1,0,0,1,6,0.006,3.79,1.75,GOODS_NOT_RECEIVED,BANK_TRANSFER,1
150.44,18,1181,0,95,0,1,1,0,1,6,0.0057,1.37,-0.73,UNAUTHORIZED_TRANSACTION,DEBIT_CARD,1
10.04,32,467,0,26,0,1,1,0,0,6,0.0071,3.48,-0.25,REFUND_NOT_RECEIVED,CREDIT_CARD,0
17.99,11,61,0,1,1,1,1,0,1,6,0.0044,4.55,-0.13,GOODS_NOT_RECEIVED,CREDIT_CARD,1
35.7,10,914,0,65,0,1,0,0,1,5,0.0182,1.68,0.12,GOODS_NOT_RECEIVED,CREDIT_CARD,1
24.55,40,914,0,65,0,1,1,0,0,6,0.0249,0.74,0.59,REFUND_NOT_RECEIVED,CREDIT_CARD,1
70.35,36,459,4,26,9,1,1,0,1,6,0.0227,3.31,0.6,GOODS_NOT_RECEIVED,DEBIT_CARD,0
119.71,30,754,0,18,0,1,1,0,1,6,0.0395,1.59,-0.46,DUPLICATE_TRANSACTION,CREDIT_CARD,1
159.29,10,184,1,11,0,1,1,0,1,6,0.0395,1.29,0.45,GOODS_NOT_AS_DESCRIBED,DIGITAL_WALLET,1
28.54,38,379,0,20,1,0,0,0,1,5,0.0147,1.01,0.1,UNAUTHORIZED_TRANSACTION,CREDIT_CARD,1
26.28,33,850,2,36,0,0,0,0,1,5,0.0057,1.98,1.33,GOODS_NOT_AS_DESCRIBED,DEBIT_CARD,1
105.34,10,272,0,25,0,1,0,1,1,7,0.0277,3.74,2.29,GOODS_NOT_RECEIVED,CREDIT_CARD,1
84.04,5,36,1,1,0,1,1,0,0,6,0.0395,0.73,1.25,GOODS_NOT_AS_DESCRIBED,CREDIT_CARD,1
24.84,12,240,0,18,1,1,0,0,1,5,0.0162,1.42,-0.1,GOODS_NOT_AS_DESCRIBED,DEBIT_CARD,0
16.69,12,145,1,6,0,1,0,0,1,5,0.0182,2.29,0.27,GOODS_NOT_RECEIVED,CREDIT_CARD,1
29.29,30,50,1,3,3,1,1,0,1,6,0.0182,0.83,-0.68,UNAUTHORIZED_TRANSACTION,DIGITAL_WALLET,1
822.75,26,754,0,18,0,1,1,1,1,7,0.0182,1.15,1.22,REFUND_NOT_RECEIVED,DIGITAL_WALLET,1
93.9,20,1163,0,111,0,1,1,0,0,6,0.0147,0.71,-0.49,REFUND_NOT_RECEIVED,DEBIT_CARD,1
35.03,14,1124,0,93,1,1,1,1,1,7,0.006,2.07,-0.16,REFUND_NOT_RECEIVED,CREDIT_CARD,1
112.21,21,711,2,55,2,1,1,0,0,6,0.0277,2.43,0.13,UNAUTHORIZED_TRANSACTION,CREDIT_CARD,1
15.28,12,400,0,23,1,1,0,0,1,5,0.0158,0.84,0.04,GOODS_NOT_RECEIVED,CREDIT_CARD,1
95.13,24,781,0,61,0,0,0,1,1,6,0.0071,6.31,0.98,UNAUTHORIZED_TRANSACTION,CREDIT_CARD,0
113.79,5,231,0,4,0,0,0,0,1,5,0.0065,2.24,1.2,GOODS_NOT_AS_DESCRIBED,BANK_TRANSFER,0
108.75,35,589,0,39,0,1,1,1,0,7,0.0037,1.17,1.21,GOODS_NOT_RECEIVED,DEBIT_CARD,1
55.4,26,1137,0,63,0,0,0,0,1,4,0.0165,0.89,0.07,GOODS_NOT_AS_DESCRIBED,DEBIT_CARD,1
